Workbook

Sheet BTA
A1: HISSE | E1: DOLAŞIM | F1: PİYASA | G1: LOT.S | H1: ANLIK | J1: KAR-ZARAR | X1: PAZAR
A2: ANA PAZAR | Q2: BTA | R2: UCUZ KALANLAR | S2: KOPYASI | T2: AL_SAT | U2: MARTI +21,39 | V2: =IFERROR(VLOOKUP(LEFT(U3,FIND(" ",U3)-1),'BTA Tarama'!$A:$K,11,0),"") | X2: =IF(COUNTIF('Yıldız Liste'!A:A, A2)>0, "Yıldız Pazar", IF(COUNTIF('Ana Pazar Liste'!A:A, A2)>0, "Ana Pazar", IF(COUNTIF('Alt Pazar Liste'!A:A, A2)>0, "Alt Pazar", "")))
A3: RAYSG | B3: Sigorta Sirketleri | C3: 9346162322 | D3: 163069855 | E3: =VLOOKUP(A3,'Tüm - Sektör'!$A:$H,5,0) -> 0 | F3: =VLOOKUP(A3,'Tüm - Sektör'!$A:$H,6,0) -> 0 | G3: =VLOOKUP(A3,'Tüm - Sektör'!$A:$H,7,0) -> 8.970337 | H3: 156.3 | I3: =VLOOKUP(A3,'Tüm - Sektör'!$A:$H,9,0) -> #REF! | J3: =VLOOKUP(A3,'Tüm - Sektör'!$A:$H,10,0) -> #REF! | K3: =VLOOKUP(A3,'Tüm - Sektör'!$A:$H,11,0) -> #REF! | L3: =VLOOKUP(A3,'Tüm - Sektör'!$A:$H,12,0) -> #REF! | M3: =VLOOKUP(A3,'Tüm - Sektör'!$A:$H,13,0) -> #REF! | N3: =VLOOKUP(A3,'Tüm - Sektör'!$A:$H,14,0) -> #REF! | O3: =VLOOKUP(A3,'Tüm - Sektör'!$A:$H,15,0) -> #REF! | P3: =VLOOKUP(A3,'Tüm - Sektör'!$A:$H,16,0) -> #REF! | Q3: =E3*G3/100 -> 0 | R3: =IF(OR(H3="", H4="", Q3=0), "", IF(H3<H4, (H4-H3)/H3, "")) | S3: 0 | T3: =S3-Q3 -> 0 | U3: YYAPI +12,50 | V3: =IFERROR(VLOOKUP(LEFT(U4,FIND(" ",U4)-1),'BTA Tarama'!$A:$K,11,0),"") -> 23629322496 | W3: BJKAS [AL] | X3: =IF(COUNTIF('Yıldız Liste'!A:A, A3)>0, "Yıldız Pazar", IF(COUNTIF('Ana Pazar Liste'!A:A, A3)>0, "Ana Pazar", IF(COUNTIF('Alt Pazar Liste'!A:A, A3)>0, "Alt Pazar", ""))) -> Ana Pazar
A4: ZEDUR | B4: Perakende Ticaret | C4: 1357332842 | D4: 535000000 | E4: =VLOOKUP(A4,'Tüm - Sektör'!$A:$H,5,0) -> 0 | F4: =VLOOKUP(A4,'Tüm - Sektör'!$A:$H,6,0) -> 0 | G4: =VLOOKUP(A4,'Tüm - Sektör'!$A:$H,7,0) -> 0 | H4: 7.64 | I4: =VLOOKUP(A4,'Tüm - Sektör'!$A:$H,9,0) -> #REF! | J4: =VLOOKUP(A4,'Tüm - Sektör'!$A:$H,10,0) -> #REF! | K4: =VLOOKUP(A4,'Tüm - Sektör'!$A:$H,11,0) -> #REF! | L4: =VLOOKUP(A4,'Tüm - Sektör'!$A:$H,12,0) -> #REF! | M4: =VLOOKUP(A4,'Tüm - Sektör'!$A:$H,13,0) -> #REF! | N4: =VLOOKUP(A4,'Tüm - Sektör'!$A:$H,14,0) -> #REF! | O4: =VLOOKUP(A4,'Tüm - Sektör'!$A:$H,15,0) -> #REF! | P4: =VLOOKUP(A4,'Tüm - Sektör'!$A:$H,16,0) -> #REF! | Q4: =E4*G4/100 -> 0 | R4: =IF(OR(H4="", H5="", Q4=0), "", IF(H4<H5, (H5-H4)/H4, "")) | S4: 0 | T4: 0 | U4: SKTAS +9,16 | V4: =IFERROR(VLOOKUP(LEFT(U5,FIND(" ",U5)-1),'BTA Tarama'!$A:$K,11,0),"") -> -5036006542 | X4: =IF(COUNTIF('Yıldız Liste'!A:A, A4)>0, "Yıldız Pazar", IF(COUNTIF('Ana Pazar Liste'!A:A, A4)>0, "Ana Pazar", IF(COUNTIF('Alt Pazar Liste'!A:A, A4)>0, "Alt Pazar", ""))) -> Ana Pazar
A5: DOCO | B5: Yiyecek ve İçecek Hizmetleri | C5: 24553432694 | D5: 10983458 | E5: =VLOOKUP(A5,'Tüm - Sektör'!$A:$H,5,0) -> 0.37512759 | F5: =VLOOKUP(A5,'Tüm - Sektör'!$A:$H,6,0) -> 0.0029423967 | G5: =VLOOKUP(A5,'Tüm - Sektör'!$A:$H,7,0) -> 0.000348717 | H5: 11290 | I5: =VLOOKUP(A5,'Tüm - Sektör'!$A:$H,9,0) -> #REF! | J5: =VLOOKUP(A5,'Tüm - Sektör'!$A:$H,10,0) -> #REF! | K5: =VLOOKUP(A5,'Tüm - Sektör'!$A:$H,11,0) -> #REF! | L5: =VLOOKUP(A5,'Tüm - Sektör'!$A:$H,12,0) -> #REF! | M5: =VLOOKUP(A5,'Tüm - Sektör'!$A:$H,13,0) -> #REF! | N5: =VLOOKUP(A5,'Tüm - Sektör'!$A:$H,14,0) -> #REF! | O5: =VLOOKUP(A5,'Tüm - Sektör'!$A:$H,15,0) -> #REF! | P5: =VLOOKUP(A5,'Tüm - Sektör'!$A:$H,16,0) -> #REF! | Q5: =E5*G5/100 -> 1.3081337e-06 | R5: =IF(OR(H5="", H6="", Q5=0), "", IF(H5<H6, (H6-H5)/H5, "")) | S5: 1.2955113e-06 | T5: =S5-Q5 -> -1.2622343e-08 | U5: NIBAS +8,84 | V5: =IFERROR(VLOOKUP(LEFT(U6,FIND(" ",U6)-1),'BTA Tarama'!$A:$K,11,0),"") -> -13127054845 | X5: =IF(COUNTIF('Yıldız Liste'!A:A, A5)>0, "Yıldız Pazar", IF(COUNTIF('Ana Pazar Liste'!A:A, A5)>0, "Ana Pazar", IF(COUNTIF('Alt Pazar Liste'!A:A, A5)>0, "Alt Pazar", ""))) -> Ana Pazar
A6: LYDYE | B6: Gıda , İçecek ve Tütün | C6: 3279541734 | D6: 1891069 | E6: =VLOOKUP(A6,'Tüm - Sektör'!$A:$H,5,0) -> 5.9415793 | F6: =VLOOKUP(A6,'Tüm - Sektör'!$A:$H,6,0) -> 0.25523266 | G6: =VLOOKUP(A6,'Tüm - Sektör'!$A:$H,7,0) -> 0.000607739 | H6: 11080 | I6: =VLOOKUP(A6,'Tüm - Sektör'!$A:$H,9,0) -> #REF! | J6: =VLOOKUP(A6,'Tüm - Sektör'!$A:$H,10,0) -> #REF! | K6: =VLOOKUP(A6,'Tüm - Sektör'!$A:$H,11,0) -> #REF! | L6: =VLOOKUP(A6,'Tüm - Sektör'!$A:$H,12,0) -> #REF! | M6: =VLOOKUP(A6,'Tüm - Sektör'!$A:$H,13,0) -> #REF! | N6: =VLOOKUP(A6,'Tüm - Sektör'!$A:$H,14,0) -> #REF! | O6: =VLOOKUP(A6,'Tüm - Sektör'!$A:$H,15,0) -> #REF! | P6: =VLOOKUP(A6,'Tüm - Sektör'!$A:$H,16,0) -> #REF! | Q6: =E6*G6/100 -> 3.6109295e-05 | R6: =IF(OR(H6="", H7="", Q6=0), "", IF(H6<H7, (H7-H6)/H6, "")) | S6: 3.3313155e-05 | T6: =S6-Q6 -> -2.7961402e-06 | U6: MEKAG +5,72 | V6: =IFERROR(VLOOKUP(LEFT(U7,FIND(" ",U7)-1),'BTA Tarama'!$A:$K,11,0),"") | X6: =IF(COUNTIF('Yıldız Liste'!A:A, A6)>0, "Yıldız Pazar", IF(COUNTIF('Ana Pazar Liste'!A:A, A6)>0, "Ana Pazar", IF(COUNTIF('Alt Pazar Liste'!A:A, A6)>0, "Alt Pazar", ""))) -> Ana Pazar
A7: MRSHL | B7: Kimya , İlaç , Petrol , Lastik ve Plastik Ürünler | C7: 1138168471 | D7: 10994134 | E7: =VLOOKUP(A7,'Tüm - Sektör'!$A:$H,5,0) -> 36.035476 | F7: =VLOOKUP(A7,'Tüm - Sektör'!$A:$H,6,0) -> 2.0270255 | G7: =VLOOKUP(A7,'Tüm - Sektör'!$A:$H,7,0) -> 0.000701302 | H7: 1585 | I7: =VLOOKUP(A7,'Tüm - Sektör'!$A:$H,9,0) -> #REF! | J7: =VLOOKUP(A7,'Tüm - Sektör'!$A:$H,10,0) -> #REF! | K7: =VLOOKUP(A7,'Tüm - Sektör'!$A:$H,11,0) -> #REF! | L7: =VLOOKUP(A7,'Tüm - Sektör'!$A:$H,12,0) -> #REF! | M7: =VLOOKUP(A7,'Tüm - Sektör'!$A:$H,13,0) -> #REF! | N7: =VLOOKUP(A7,'Tüm - Sektör'!$A:$H,14,0) -> #REF! | O7: =VLOOKUP(A7,'Tüm - Sektör'!$A:$H,15,0) -> #REF! | P7: =VLOOKUP(A7,'Tüm - Sektör'!$A:$H,16,0) -> #REF! | Q7: =E7*G7/100 -> 0.00025271752 | R7: =IF(OR(H7="", H8="", Q7=0), "", IF(H7<H8, (H8-H7)/H7, "")) | S7: 0.0002448394 | T7: =S7-Q7 -> -7.8781133e-06 | U7: HUBVC +5,25 | V7: =IFERROR(VLOOKUP(LEFT(U8,FIND(" ",U8)-1),'BTA Tarama'!$A:$K,11,0),"") -> -5270320944 | X7: =IF(COUNTIF('Yıldız Liste'!A:A, A7)>0, "Yıldız Pazar", IF(COUNTIF('Ana Pazar Liste'!A:A, A7)>0, "Ana Pazar", IF(COUNTIF('Alt Pazar Liste'!A:A, A7)>0, "Alt Pazar", ""))) -> Ana Pazar
A8: CMBTN | B8: Tas ve Toprağa Dayalı | C8: 238701401 | D8: 1770000 | E8: =VLOOKUP(A8,'Tüm - Sektör'!$A:$H,5,0) -> 30.234624 | F8: =VLOOKUP(A8,'Tüm - Sektör'!$A:$H,6,0) -> 10.977962 | G8: =VLOOKUP(A8,'Tüm - Sektör'!$A:$H,7,0) -> 0.000876247 | H8: 1510 | I8: =VLOOKUP(A8,'Tüm - Sektör'!$A:$H,9,0) -> #REF! | J8: =VLOOKUP(A8,'Tüm - Sektör'!$A:$H,10,0) -> #REF! | K8: =VLOOKUP(A8,'Tüm - Sektör'!$A:$H,11,0) -> #REF! | L8: =VLOOKUP(A8,'Tüm - Sektör'!$A:$H,12,0) -> #REF! | M8: =VLOOKUP(A8,'Tüm - Sektör'!$A:$H,13,0) -> #REF! | N8: =VLOOKUP(A8,'Tüm - Sektör'!$A:$H,14,0) -> #REF! | O8: =VLOOKUP(A8,'Tüm - Sektör'!$A:$H,15,0) -> #REF! | P8: =VLOOKUP(A8,'Tüm - Sektör'!$A:$H,16,0) -> #REF! | Q8: =E8*G8/100 -> 0.00026492999 | R8: =IF(OR(H8="", H9="", Q8=0), "", IF(H8<H9, (H9-H8)/H8, "")) -> 0.056291391 | S8: 0.00025892834 | T8: =S8-Q8 -> -6.0016503e-06 | U8: HDFGS +4,57 | V8: =IFERROR(VLOOKUP(LEFT(U9,FIND(" ",U9)-1),'BTA Tarama'!$A:$K,11,0),"") | X8: =IF(COUNTIF('Yıldız Liste'!A:A, A8)>0, "Yıldız Pazar", IF(COUNTIF('Ana Pazar Liste'!A:A, A8)>0, "Ana Pazar", IF(COUNTIF('Alt Pazar Liste'!A:A, A8)>0, "Alt Pazar", ""))) -> Ana Pazar
A9: UFUK | B9: Holdingler ve Yatırım Sirketleri | C9: 2686991410 | D9: 46846881 | E9: =VLOOKUP(A9,'Tüm - Sektör'!$A:$H,5,0) -> 1.4808474 | F9: =VLOOKUP(A9,'Tüm - Sektör'!$A:$H,6,0) -> 0.018063071 | G9: =VLOOKUP(A9,'Tüm - Sektör'!$A:$H,7,0) -> 16.937048 | H9: 1595 | I9: =VLOOKUP(A9,'Tüm - Sektör'!$A:$H,9,0) -> #REF! | J9: =VLOOKUP(A9,'Tüm - Sektör'!$A:$H,10,0) -> #REF! | K9: =VLOOKUP(A9,'Tüm - Sektör'!$A:$H,11,0) -> #REF! | L9: =VLOOKUP(A9,'Tüm - Sektör'!$A:$H,12,0) -> #REF! | M9: =VLOOKUP(A9,'Tüm - Sektör'!$A:$H,13,0) -> #REF! | N9: =VLOOKUP(A9,'Tüm - Sektör'!$A:$H,14,0) -> #REF! | O9: =VLOOKUP(A9,'Tüm - Sektör'!$A:$H,15,0) -> #REF! | P9: =VLOOKUP(A9,'Tüm - Sektör'!$A:$H,16,0) -> #REF! | Q9: =E9*G9/100 -> 0.25081184 | R9: =IF(OR(H9="", H10="", Q9=0), "", IF(H9<H10, (H10-H9)/H9, "")) | S9: 0.24724653 | T9: =S9-Q9 -> -0.0035653105 | U9: PAHOL +4,52 | V9: =IFERROR(VLOOKUP(LEFT(U10,FIND(" ",U10)-1),'BTA Tarama'!$A:$K,11,0),"") -> -88119388752 | X9: =IF(COUNTIF('Yıldız Liste'!A:A, A9)>0, "Yıldız Pazar", IF(COUNTIF('Ana Pazar Liste'!A:A, A9)>0, "Ana Pazar", IF(COUNTIF('Alt Pazar Liste'!A:A, A9)>0, "Alt Pazar", ""))) -> Ana Pazar
A10: GUNDG | B10: Gıda , İçecek ve Tütün | C10: 832617284 | D10: 39000000 | E10: =VLOOKUP(A10,'Tüm - Sektör'!$A:$H,5,0) -> 2.6117673 | F10: =VLOOKUP(A10,'Tüm - Sektör'!$A:$H,6,0) -> 0.039393172 | G10: =VLOOKUP(A10,'Tüm - Sektör'!$A:$H,7,0) -> 10.211128 | H10: 1500 | I10: =VLOOKUP(A10,'Tüm - Sektör'!$A:$H,9,0) -> #REF! | J10: =VLOOKUP(A10,'Tüm - Sektör'!$A:$H,10,0) -> #REF! | K10: =VLOOKUP(A10,'Tüm - Sektör'!$A:$H,11,0) -> #REF! | L10: =VLOOKUP(A10,'Tüm - Sektör'!$A:$H,12,0) -> #REF! | M10: =VLOOKUP(A10,'Tüm - Sektör'!$A:$H,13,0) -> #REF! | N10: =VLOOKUP(A10,'Tüm - Sektör'!$A:$H,14,0) -> #REF! | O10: =VLOOKUP(A10,'Tüm - Sektör'!$A:$H,15,0) -> #REF! | P10: =VLOOKUP(A10,'Tüm - Sektör'!$A:$H,16,0) -> #REF! | Q10: =E10*G10/100 -> 0.2666909 | R10: =IF(OR(H10="", H11="", Q10=0), "", IF(H10<H11, (H11-H10)/H10, "")) | S10: 0.24011786 | T10: =S10-Q10 -> -0.026573043 | U10: VRGYO +3,68 | V10: =IFERROR(VLOOKUP(LEFT(U11,FIND(" ",U11)-1),'BTA Tarama'!$A:$K,11,0),"") | X10: =IF(COUNTIF('Yıldız Liste'!A:A, A10)>0, "Yıldız Pazar", IF(COUNTIF('Ana Pazar Liste'!A:A, A10)>0, "Ana Pazar", IF(COUNTIF('Alt Pazar Liste'!A:A, A10)>0, "Alt Pazar", ""))) -> Ana Pazar
A11: MAALT | B11: Oteller ve Lokantalar | C11: 5369083553 | D11: 8640048 | E11: =VLOOKUP(A11,'Tüm - Sektör'!$A:$H,5,0) -> 24.333294 | F11: =VLOOKUP(A11,'Tüm - Sektör'!$A:$H,6,0) -> 2.5603071 | G11: =VLOOKUP(A11,'Tüm - Sektör'!$A:$H,7,0) -> 1.637903 | H11: 1004 | I11: =VLOOKUP(A11,'Tüm - Sektör'!$A:$H,9,0) -> #REF! | J11: =VLOOKUP(A11,'Tüm - Sektör'!$A:$H,10,0) -> #REF! | K11: =VLOOKUP(A11,'Tüm - Sektör'!$A:$H,11,0) -> #REF! | L11: =VLOOKUP(A11,'Tüm - Sektör'!$A:$H,12,0) -> #REF! | M11: =VLOOKUP(A11,'Tüm - Sektör'!$A:$H,13,0) -> #REF! | N11: =VLOOKUP(A11,'Tüm - Sektör'!$A:$H,14,0) -> #REF! | O11: =VLOOKUP(A11,'Tüm - Sektör'!$A:$H,15,0) -> #REF! | P11: =VLOOKUP(A11,'Tüm - Sektör'!$A:$H,16,0) -> #REF! | Q11: =E11*G11/100 -> 0.39855576 | R11: =IF(OR(H11="", H12="", Q11=0), "", IF(H11<H12, (H12-H11)/H11, "")) | S11: 0.39307464 | T11: =S11-Q11 -> -0.0054811204 | U11: SEKUR +3,64 | V11: =IFERROR(VLOOKUP(LEFT(U12,FIND(" ",U12)-1),'BTA Tarama'!$A:$K,11,0),"") | X11: =IF(COUNTIF('Yıldız Liste'!A:A, A11)>0, "Yıldız Pazar", IF(COUNTIF('Ana Pazar Liste'!A:A, A11)>0, "Ana Pazar", IF(COUNTIF('Alt Pazar Liste'!A:A, A11)>0, "Alt Pazar", ""))) -> Ana Pazar
A12: VERUS | B12: Holdingler ve Yatırım Sirketleri | C12: 4697773484 | D12: 70000000 | E12: =VLOOKUP(A12,'Tüm - Sektör'!$A:$H,5,0) -> 3.9819918 | F12: =VLOOKUP(A12,'Tüm - Sektör'!$A:$H,6,0) -> 0.081732181 | G12: =VLOOKUP(A12,'Tüm - Sektör'!$A:$H,7,0) -> 14.69279 | H12: 684 | I12: =VLOOKUP(A12,'Tüm - Sektör'!$A:$H,9,0) -> #REF! | J12: =VLOOKUP(A12,'Tüm - Sektör'!$A:$H,10,0) -> #REF! | K12: =VLOOKUP(A12,'Tüm - Sektör'!$A:$H,11,0) -> #REF! | L12: =VLOOKUP(A12,'Tüm - Sektör'!$A:$H,12,0) -> #REF! | M12: =VLOOKUP(A12,'Tüm - Sektör'!$A:$H,13,0) -> #REF! | N12: =VLOOKUP(A12,'Tüm - Sektör'!$A:$H,14,0) -> #REF! | O12: =VLOOKUP(A12,'Tüm - Sektör'!$A:$H,15,0) -> #REF! | P12: =VLOOKUP(A12,'Tüm - Sektör'!$A:$H,16,0) -> #REF! | Q12: =E12*G12/100 -> 0.5850657 | R12: =IF(OR(H12="", H13="", Q12=0), "", IF(H12<H13, (H13-H12)/H12, "")) | S12: 0.59729095 | T12: =S12-Q12 -> 0.012225253 | U12: BJKAS +3,22 | V12: =IFERROR(VLOOKUP(LEFT(U13,FIND(" ",U13)-1),'BTA Tarama'!$A:$K,11,0),"") -> -331639009215 | X12: =IF(COUNTIF('Yıldız Liste'!A:A, A12)>0, "Yıldız Pazar", IF(COUNTIF('Ana Pazar Liste'!A:A, A12)>0, "Ana Pazar", IF(COUNTIF('Alt Pazar Liste'!A:A, A12)>0, "Alt Pazar", ""))) -> Ana Pazar
A13: ALCAR | B13: Metal Esya,Makine,Elektrikli Cihazlar,Ulasım Araç | C13: 2033187111 | D13: 10800000 | E13: =VLOOKUP(A13,'Tüm - Sektör'!$A:$H,5,0) -> 34.714954 | F13: =VLOOKUP(A13,'Tüm - Sektör'!$A:$H,6,0) -> 4.6249605 | G13: =VLOOKUP(A13,'Tüm - Sektör'!$A:$H,7,0) -> 1.717981 | H13: 671 | I13: =VLOOKUP(A13,'Tüm - Sektör'!$A:$H,9,0) -> #REF! | J13: =VLOOKUP(A13,'Tüm - Sektör'!$A:$H,10,0) -> #REF! | K13: =VLOOKUP(A13,'Tüm - Sektör'!$A:$H,11,0) -> #REF! | L13: =VLOOKUP(A13,'Tüm - Sektör'!$A:$H,12,0) -> #REF! | M13: =VLOOKUP(A13,'Tüm - Sektör'!$A:$H,13,0) -> #REF! | N13: =VLOOKUP(A13,'Tüm - Sektör'!$A:$H,14,0) -> #REF! | O13: =VLOOKUP(A13,'Tüm - Sektör'!$A:$H,15,0) -> #REF! | P13: =VLOOKUP(A13,'Tüm - Sektör'!$A:$H,16,0) -> #REF! | Q13: =E13*G13/100 -> 0.59639631 | R13: =IF(OR(H13="", H14="", Q13=0), "", IF(H13<H14, (H14-H13)/H13, "")) | S13: 0.58677701 | T13: =S13-Q13 -> -0.0096192953 | U13: HURGZ +3,07 | V13: =IFERROR(VLOOKUP(LEFT(U14,FIND(" ",U14)-1),'BTA Tarama'!$A:$K,11,0),"") -> -1062033326 | X13: =IF(COUNTIF('Yıldız Liste'!A:A, A13)>0, "Yıldız Pazar", IF(COUNTIF('Ana Pazar Liste'!A:A, A13)>0, "Ana Pazar", IF(COUNTIF('Alt Pazar Liste'!A:A, A13)>0, "Alt Pazar", ""))) -> Ana Pazar
A14: AYCES | B14: Oteller ve Lokantalar | C14: 5221598542 | D14: 25000000 | E14: =VLOOKUP(A14,'Tüm - Sektör'!$A:$H,5,0) -> 47.677261 | F14: =VLOOKUP(A14,'Tüm - Sektör'!$A:$H,6,0) -> 4.0149272 | G14: =VLOOKUP(A14,'Tüm - Sektör'!$A:$H,7,0) -> 1.868281 | H14: 449.25 | I14: =VLOOKUP(A14,'Tüm - Sektör'!$A:$H,9,0) -> #REF! | J14: =VLOOKUP(A14,'Tüm - Sektör'!$A:$H,10,0) -> #REF! | K14: =VLOOKUP(A14,'Tüm - Sektör'!$A:$H,11,0) -> #REF! | L14: =VLOOKUP(A14,'Tüm - Sektör'!$A:$H,12,0) -> #REF! | M14: =VLOOKUP(A14,'Tüm - Sektör'!$A:$H,13,0) -> #REF! | N14: =VLOOKUP(A14,'Tüm - Sektör'!$A:$H,14,0) -> #REF! | O14: =VLOOKUP(A14,'Tüm - Sektör'!$A:$H,15,0) -> #REF! | P14: =VLOOKUP(A14,'Tüm - Sektör'!$A:$H,16,0) -> #REF! | Q14: =E14*G14/100 -> 0.8907452 | R14: =IF(OR(H14="", H15="", Q14=0), "", IF(H14<H15, (H15-H14)/H14, "")) | S14: 0.89124116 | T14: =S14-Q14 -> 0.00049596058 | U14: YESIL +3,00 | V14: =IFERROR(VLOOKUP(LEFT(U15,FIND(" ",U15)-1),'BTA Tarama'!$A:$K,11,0),"") -> 1844737,6 | X14: =IF(COUNTIF('Yıldız Liste'!A:A, A14)>0, "Yıldız Pazar", IF(COUNTIF('Ana Pazar Liste'!A:A, A14)>0, "Ana Pazar", IF(COUNTIF('Alt Pazar Liste'!A:A, A14)>0, "Alt Pazar", ""))) -> Ana Pazar
A15: ALKLC | B15: Gıda , İçecek ve Tütün | C15: 2863294706 | D15: 112000000 | E15: =VLOOKUP(A15,'Tüm - Sektör'!$A:$H,5,0) -> 2.1083946 | F15: =VLOOKUP(A15,'Tüm - Sektör'!$A:$H,6,0) -> 0.044086538 | G15: =VLOOKUP(A15,'Tüm - Sektör'!$A:$H,7,0) -> 44.440303 | H15: 427 | I15: =VLOOKUP(A15,'Tüm - Sektör'!$A:$H,9,0) -> #REF! | J15: =VLOOKUP(A15,'Tüm - Sektör'!$A:$H,10,0) -> #REF! | K15: =VLOOKUP(A15,'Tüm - Sektör'!$A:$H,11,0) -> #REF! | L15: =VLOOKUP(A15,'Tüm - Sektör'!$A:$H,12,0) -> #REF! | M15: =VLOOKUP(A15,'Tüm - Sektör'!$A:$H,13,0) -> #REF! | N15: =VLOOKUP(A15,'Tüm - Sektör'!$A:$H,14,0) -> #REF! | O15: =VLOOKUP(A15,'Tüm - Sektör'!$A:$H,15,0) -> #REF! | P15: =VLOOKUP(A15,'Tüm - Sektör'!$A:$H,16,0) -> #REF! | Q15: =E15*G15/100 -> 0.93697694 | R15: =IF(OR(H15="", H16="", Q15=0), "", IF(H15<H16, (H16-H15)/H15, "")) | S15: 0.9397279 | T15: =S15-Q15 -> 0.0027509599 | U15: ULUFA +2,94 | V15: =IFERROR(VLOOKUP(LEFT(U16,FIND(" ",U16)-1),'BTA Tarama'!$A:$K,11,0),"") -> -173270325992 | X15: =IF(COUNTIF('Yıldız Liste'!A:A, A15)>0, "Yıldız Pazar", IF(COUNTIF('Ana Pazar Liste'!A:A, A15)>0, "Ana Pazar", IF(COUNTIF('Alt Pazar Liste'!A:A, A15)>0, "Alt Pazar", ""))) -> Ana Pazar
A16: KAPLM | B16: Kağıt, Kağıt Ürünleri Basım | C16: 1981884130 | D16: 20000000 | E16: =VLOOKUP(A16,'Tüm - Sektör'!$A:$H,5,0) -> 24.73508 | F16: =VLOOKUP(A16,'Tüm - Sektör'!$A:$H,6,0) -> 2.9031784 | G16: =VLOOKUP(A16,'Tüm - Sektör'!$A:$H,7,0) -> 3.966659 | H16: 407.75 | I16: =VLOOKUP(A16,'Tüm - Sektör'!$A:$H,9,0) -> #REF! | J16: =VLOOKUP(A16,'Tüm - Sektör'!$A:$H,10,0) -> #REF! | K16: =VLOOKUP(A16,'Tüm - Sektör'!$A:$H,11,0) -> #REF! | L16: =VLOOKUP(A16,'Tüm - Sektör'!$A:$H,12,0) -> #REF! | M16: =VLOOKUP(A16,'Tüm - Sektör'!$A:$H,13,0) -> #REF! | N16: =VLOOKUP(A16,'Tüm - Sektör'!$A:$H,14,0) -> #REF! | O16: =VLOOKUP(A16,'Tüm - Sektör'!$A:$H,15,0) -> #REF! | P16: =VLOOKUP(A16,'Tüm - Sektör'!$A:$H,16,0) -> #REF! | Q16: =E16*G16/100 -> 0.98115626 | R16: =IF(OR(H16="", H17="", Q16=0), "", IF(H16<H17, (H17-H16)/H16, "")) | S16: 0.9698581 | T16: =S16-Q16 -> -0.011298163 | U16: BORSK +2,45 | V16: =IFERROR(VLOOKUP(LEFT(U17,FIND(" ",U17)-1),'BTA Tarama'!$A:$K,11,0),"") | X16: =IF(COUNTIF('Yıldız Liste'!A:A, A16)>0, "Yıldız Pazar", IF(COUNTIF('Ana Pazar Liste'!A:A, A16)>0, "Ana Pazar", IF(COUNTIF('Alt Pazar Liste'!A:A, A16)>0, "Alt Pazar", ""))) -> Ana Pazar
... A61: GZNMI | B61: Girisim Sermayesi Yatırım Ortaklıkları | C61: 1357332842 | D61: 535000000 | E61: =VLOOKUP(A61,'Tüm - Sektör'!$A:$H,5,0) -> 25.310971 | F61: =VLOOKUP(A61,'Tüm - Sektör'!$A:$H,6,0) -> 6.4899925 | G61: =VLOOKUP(A61,'Tüm - Sektör'!$A:$H,7,0) -> 29.489986 | H61: 53.6 | I61: =VLOOKUP(A61,'Tüm - Sektör'!$A:$H,9,0) -> #REF! | J61: =VLOOKUP(A61,'Tüm - Sektör'!$A:$H,10,0) -> #REF! | K61: =VLOOKUP(A61,'Tüm - Sektör'!$A:$H,11,0) -> #REF! | L61: =VLOOKUP(A61,'Tüm - Sektör'!$A:$H,12,0) -> #REF! | M61: =VLOOKUP(A61,'Tüm - Sektör'!$A:$H,13,0) -> #REF! | N61: =VLOOKUP(A61,'Tüm - Sektör'!$A:$H,14,0) -> #REF! | O61: =VLOOKUP(A61,'Tüm - Sektör'!$A:$H,15,0) -> #REF! | P61: =VLOOKUP(A61,'Tüm - Sektör'!$A:$H,16,0) -> #REF! | Q61: =E61*G61/100 -> 7.4642017 | R61: =IF(OR(H61="", H62="", Q61=0), "", IF(H61<H62, (H62-H61)/H61, "")) | S61: 6.9579341 | T61: =S61-Q61 -> -0.50626759 | U61: PETKM +0,35 | V61: =IFERROR(VLOOKUP(LEFT(U62,FIND(" ",U62)-1),'BTA Tarama'!$A:$K,11,0),"") -> 16842297,92 | X61: =IF(COUNTIF('Yıldız Liste'!A:A, A61)>0, "Yıldız Pazar", IF(COUNTIF('Ana Pazar Liste'!A:A, A61)>0, "Ana Pazar", IF(COUNTIF('Alt Pazar Liste'!A:A, A61)>0, "Alt Pazar", ""))) -> Ana Pazar
A62: IHAAS | B62: Güvenlik ve Sorusturma | C62: 1357332842 | D62: 535000000 | E62: =VLOOKUP(A62,'Tüm - Sektör'!$A:$H,5,0) -> 13.7306 | F62: =VLOOKUP(A62,'Tüm - Sektör'!$A:$H,6,0) -> 1.5315783 | G62: =VLOOKUP(A62,'Tüm - Sektör'!$A:$H,7,0) -> 56.026117 | H62: 52 | I62: =VLOOKUP(A62,'Tüm - Sektör'!$A:$H,9,0) -> #REF! | J62: =VLOOKUP(A62,'Tüm - Sektör'!$A:$H,10,0) -> #REF! | K62: =VLOOKUP(A62,'Tüm - Sektör'!$A:$H,11,0) -> #REF! | L62: =VLOOKUP(A62,'Tüm - Sektör'!$A:$H,12,0) -> #REF! | M62: =VLOOKUP(A62,'Tüm - Sektör'!$A:$H,13,0) -> #REF! | N62: =VLOOKUP(A62,'Tüm - Sektör'!$A:$H,14,0) -> #REF! | O62: =VLOOKUP(A62,'Tüm - Sektör'!$A:$H,15,0) -> #REF! | P62: =VLOOKUP(A62,'Tüm - Sektör'!$A:$H,16,0) -> #REF! | Q62: =E62*G62/100 -> 7.6927219 | R62: =IF(OR(H62="", H63="", Q62=0), "", IF(H62<H63, (H63-H62)/H62, "")) | S62: 7.7001259 | T62: -0.027034419 | U62: RUBNS +0,34 | V62: =IFERROR(VLOOKUP(LEFT(U63,FIND(" ",U63)-1),'BTA Tarama'!$A:$K,11,0),"") | X62: =IF(COUNTIF('Yıldız Liste'!A:A, A62)>0, "Yıldız Pazar", IF(COUNTIF('Ana Pazar Liste'!A:A, A62)>0, "Ana Pazar", IF(COUNTIF('Alt Pazar Liste'!A:A, A62)>0, "Alt Pazar", ""))) -> Ana Pazar
A63: IZINV | B63: Tarım Ormancılık ve Balıkçılık | C63: 367547592 | D63: 17512456 | E63: =VLOOKUP(A63,'Tüm - Sektör'!$A:$H,5,0) -> 63.745587 | F63: =VLOOKUP(A63,'Tüm - Sektör'!$A:$H,6,0) -> 68.679512 | G63: =VLOOKUP(A63,'Tüm - Sektör'!$A:$H,7,0) -> 12.279838 | H63: 51.1 | I63: =VLOOKUP(A63,'Tüm - Sektör'!$A:$H,9,0) -> #REF! | J63: =VLOOKUP(A63,'Tüm - Sektör'!$A:$H,10,0) -> #REF! | K63: =VLOOKUP(A63,'Tüm - Sektör'!$A:$H,11,0) -> #REF! | L63: =VLOOKUP(A63,'Tüm - Sektör'!$A:$H,12,0) -> #REF! | M63: =VLOOKUP(A63,'Tüm - Sektör'!$A:$H,13,0) -> #REF! | N63: =VLOOKUP(A63,'Tüm - Sektör'!$A:$H,14,0) -> #REF! | O63: =VLOOKUP(A63,'Tüm - Sektör'!$A:$H,15,0) -> #REF! | P63: =VLOOKUP(A63,'Tüm - Sektör'!$A:$H,16,0) -> #REF! | Q63: =E63*G63/100 -> 7.8278549 | R63: =IF(OR(H63="", H64="", Q63=0), "", IF(H63<H64, (H64-H63)/H63, "")) | S63: 7.5758216 | T63: =S63-Q63 -> -0.25203321 | U63: BSOKE +0,33 | V63: =IFERROR(VLOOKUP(LEFT(U64,FIND(" ",U64)-1),'BTA Tarama'!$A:$K,11,0),"") | X63: =IF(COUNTIF('Yıldız Liste'!A:A, A63)>0, "Yıldız Pazar", IF(COUNTIF('Ana Pazar Liste'!A:A, A63)>0, "Ana Pazar", IF(COUNTIF('Alt Pazar Liste'!A:A, A63)>0, "Alt Pazar", ""))) -> Ana Pazar
A64: SEGMN | B64: Gıda , İçecek ve Tütün | C64: 5548282822 | D64: 179000000 | E64: =VLOOKUP(A64,'Tüm - Sektör'!$A:$H,5,0) -> 17.359043 | F64: =VLOOKUP(A64,'Tüm - Sektör'!$A:$H,6,0) -> 1.9015273 | G64: =VLOOKUP(A64,'Tüm - Sektör'!$A:$H,7,0) -> 47.254247 | H64: 48.78 | I64: =VLOOKUP(A64,'Tüm - Sektör'!$A:$H,9,0) -> #REF! | J64: =VLOOKUP(A64,'Tüm - Sektör'!$A:$H,10,0) -> #REF! | K64: =VLOOKUP(A64,'Tüm - Sektör'!$A:$H,11,0) -> #REF! | L64: =VLOOKUP(A64,'Tüm - Sektör'!$A:$H,12,0) -> #REF! | M64: =VLOOKUP(A64,'Tüm - Sektör'!$A:$H,13,0) -> #REF! | N64: =VLOOKUP(A64,'Tüm - Sektör'!$A:$H,14,0) -> #REF! | O64: =VLOOKUP(A64,'Tüm - Sektör'!$A:$H,15,0) -> #REF! | P64: =VLOOKUP(A64,'Tüm - Sektör'!$A:$H,16,0) -> #REF! | Q64: =E64*G64/100 -> 8.202885 | R64: =IF(OR(H64="", H65="", Q64=0), "", IF(H64<H65, (H65-H64)/H64, "")) | S64: 8.4062338 | T64: =S64-Q64 -> 0.20334883 | U64: VAKBN +0,32 | V64: =IFERROR(VLOOKUP(LEFT(U65,FIND(" ",U65)-1),'BTA Tarama'!$A:$K,11,0),"") -> -236584567625 | X64: =IF(COUNTIF('Yıldız Liste'!A:A, A64)>0, "Yıldız Pazar", IF(COUNTIF('Ana Pazar Liste'!A:A, A64)>0, "Ana Pazar", IF(COUNTIF('Alt Pazar Liste'!A:A, A64)>0, "Alt Pazar", ""))) -> Ana Pazar
A65: BMSTL | B65: Ana Metal Sanayi | C65: 1380911336 | D65: 150000000 | E65: =VLOOKUP(A65,'Tüm - Sektör'!$A:$H,5,0) -> 11.985228 | F65: =VLOOKUP(A65,'Tüm - Sektör'!$A:$H,6,0) -> 1.8581748 | G65: =VLOOKUP(A65,'Tüm - Sektör'!$A:$H,7,0) -> 74.740385 | H65: 44.66 | I65: =VLOOKUP(A65,'Tüm - Sektör'!$A:$H,9,0) -> #REF! | J65: =VLOOKUP(A65,'Tüm - Sektör'!$A:$H,10,0) -> #REF! | K65: =VLOOKUP(A65,'Tüm - Sektör'!$A:$H,11,0) -> #REF! | L65: =VLOOKUP(A65,'Tüm - Sektör'!$A:$H,12,0) -> #REF! | M65: =VLOOKUP(A65,'Tüm - Sektör'!$A:$H,13,0) -> #REF! | N65: =VLOOKUP(A65,'Tüm - Sektör'!$A:$H,14,0) -> #REF! | O65: =VLOOKUP(A65,'Tüm - Sektör'!$A:$H,15,0) -> #REF! | P65: =VLOOKUP(A65,'Tüm - Sektör'!$A:$H,16,0) -> #REF! | Q65: =E65*G65/100 -> 8.9578053 | R65: =IF(OR(H65="", H66="", Q65=0), "", IF(H65<H66, (H66-H65)/H65, "")) | S65: 9.1840126 | T65: =S65-Q65 -> 0.22620721 | U65: CEMTS +0,31 | V65: =IFERROR(VLOOKUP(LEFT(U66,FIND(" ",U66)-1),'BTA Tarama'!$A:$K,11,0),"") | X65: =IF(COUNTIF('Yıldız Liste'!A:A, A65)>0, "Yıldız Pazar", IF(COUNTIF('Ana Pazar Liste'!A:A, A65)>0, "Ana Pazar", IF(COUNTIF('Alt Pazar Liste'!A:A, A65)>0, "Alt Pazar", ""))) -> Ana Pazar
A66: OZSUB | B66: Tarım Ormancılık ve Balıkçılık | C66: 1225783772 | D66: 120000000 | E66: =VLOOKUP(A66,'Tüm - Sektör'!$A:$H,5,0) -> 21.587028 | F66: =VLOOKUP(A66,'Tüm - Sektör'!$A:$H,6,0) -> 4.0884523 | G66: =VLOOKUP(A66,'Tüm - Sektör'!$A:$H,7,0) -> 42.238092 | H66: 43.88 | I66: =VLOOKUP(A66,'Tüm - Sektör'!$A:$H,9,0) -> #REF! | J66: =VLOOKUP(A66,'Tüm - Sektör'!$A:$H,10,0) -> #REF! | K66: =VLOOKUP(A66,'Tüm - Sektör'!$A:$H,11,0) -> #REF! | L66: =VLOOKUP(A66,'Tüm - Sektör'!$A:$H,12,0) -> #REF! | M66: =VLOOKUP(A66,'Tüm - Sektör'!$A:$H,13,0) -> #REF! | N66: =VLOOKUP(A66,'Tüm - Sektör'!$A:$H,14,0) -> #REF! | O66: =VLOOKUP(A66,'Tüm - Sektör'!$A:$H,15,0) -> #REF! | P66: =VLOOKUP(A66,'Tüm - Sektör'!$A:$H,16,0) -> #REF! | Q66: =E66*G66/100 -> 9.1179488 | R66: =IF(OR(H66="", H67="", Q66=0), "", IF(H66<H67, (H67-H66)/H66, "")) | S66: 9.2187925 | T66: =S66-Q66 -> 0.10084367 | U66: BIOEN +0,30 | V66: =IFERROR(VLOOKUP(LEFT(U67,FIND(" ",U67)-1),'BTA Tarama'!$A:$K,11,0),"") | X66: =IF(COUNTIF('Yıldız Liste'!A:A, A66)>0, "Yıldız Pazar", IF(COUNTIF('Ana Pazar Liste'!A:A, A66)>0, "Ana Pazar", IF(COUNTIF('Alt Pazar Liste'!A:A, A66)>0, "Alt Pazar", ""))) -> Ana Pazar
A67: ERCB | B67: Ana Metal Sanayi | C67: 5927165415 | D67: 77770481 | E67: =VLOOKUP(A67,'Tüm - Sektör'!$A:$H,5,0) -> 28.715245 | F67: =VLOOKUP(A67,'Tüm - Sektör'!$A:$H,6,0) -> 8.0267531 | G67: =VLOOKUP(A67,'Tüm - Sektör'!$A:$H,7,0) -> 31.848394 | H67: 43.74 | I67: =VLOOKUP(A67,'Tüm - Sektör'!$A:$H,9,0) -> #REF! | J67: =VLOOKUP(A67,'Tüm - Sektör'!$A:$H,10,0) -> #REF! | K67: =VLOOKUP(A67,'Tüm - Sektör'!$A:$H,11,0) -> #REF! | L67: =VLOOKUP(A67,'Tüm - Sektör'!$A:$H,12,0) -> #REF! | M67: =VLOOKUP(A67,'Tüm - Sektör'!$A:$H,13,0) -> #REF! | N67: =VLOOKUP(A67,'Tüm - Sektör'!$A:$H,14,0) -> #REF! | O67: =VLOOKUP(A67,'Tüm - Sektör'!$A:$H,15,0) -> #REF! | P67: =VLOOKUP(A67,'Tüm - Sektör'!$A:$H,16,0) -> #REF! | Q67: =E67*G67/100 -> 9.1453443 | R67: =IF(OR(H67="", H68="", Q67=0), "", IF(H67<H68, (H68-H67)/H67, "")) | S67: 8.8695645 | T67: =S67-Q67 -> -0.27577978 | U67: AEFES +0,30 | V67: =IFERROR(VLOOKUP(LEFT(U68,FIND(" ",U68)-1),'BTA Tarama'!$A:$K,11,0),"") | X67: =IF(COUNTIF('Yıldız Liste'!A:A, A67)>0, "Yıldız Pazar", IF(COUNTIF('Ana Pazar Liste'!A:A, A67)>0, "Ana Pazar", IF(COUNTIF('Alt Pazar Liste'!A:A, A67)>0, "Alt Pazar", ""))) -> Ana Pazar
A68: VSNMD | B68: Madencilik ve Tas Ocakçılığı | C68: 3913562968 | D68: 117000000 | E68: =VLOOKUP(A68,'Tüm - Sektör'!$A:$H,5,0) -> 39.129727 | F68: =VLOOKUP(A68,'Tüm - Sektör'!$A:$H,6,0) -> 7.432047 | G68: =VLOOKUP(A68,'Tüm - Sektör'!$A:$H,7,0) -> 23.988027 | H68: 42.62 | I68: =VLOOKUP(A68,'Tüm - Sektör'!$A:$H,9,0) -> #REF! | J68: =VLOOKUP(A68,'Tüm - Sektör'!$A:$H,10,0) -> #REF! | K68: =VLOOKUP(A68,'Tüm - Sektör'!$A:$H,11,0) -> #REF! | L68: =VLOOKUP(A68,'Tüm - Sektör'!$A:$H,12,0) -> #REF! | M68: =VLOOKUP(A68,'Tüm - Sektör'!$A:$H,13,0) -> #REF! | N68: =VLOOKUP(A68,'Tüm - Sektör'!$A:$H,14,0) -> #REF! | O68: =VLOOKUP(A68,'Tüm - Sektör'!$A:$H,15,0) -> #REF! | P68: =VLOOKUP(A68,'Tüm - Sektör'!$A:$H,16,0) -> #REF! | Q68: =E68*G68/100 -> 9.3864496 | R68: =IF(OR(H68="", H69="", Q68=0), "", IF(H68<H69, (H69-H68)/H68, "")) | S68: 9.2390411 | T68: =S68-Q68 -> -0.14740845 | U68: OYYAT +0,29 | V68: =IFERROR(VLOOKUP(LEFT(U69,FIND(" ",U69)-1),'BTA Tarama'!$A:$K,11,0),"") | X68: =IF(COUNTIF('Yıldız Liste'!A:A, A68)>0, "Yıldız Pazar", IF(COUNTIF('Ana Pazar Liste'!A:A, A68)>0, "Ana Pazar", IF(COUNTIF('Alt Pazar Liste'!A:A, A68)>0, "Alt Pazar", ""))) -> Ana Pazar
A69: ARTMS | B69: Tekstil , Giyim Esyası ve Deri | C69: 2429481251 | D69: 70000000 | E69: =VLOOKUP(A69,'Tüm - Sektör'!$A:$H,5,0) -> 47.684256 | F69: =VLOOKUP(A69,'Tüm - Sektör'!$A:$H,6,0) -> 17.030091 | G69: =VLOOKUP(A69,'Tüm - Sektör'!$A:$H,7,0) -> 19.831706 | H69: 42.3 | I69: =VLOOKUP(A69,'Tüm - Sektör'!$A:$H,9,0) -> #REF! | J69: =VLOOKUP(A69,'Tüm - Sektör'!$A:$H,10,0) -> #REF! | K69: =VLOOKUP(A69,'Tüm - Sektör'!$A:$H,11,0) -> #REF! | L69: =VLOOKUP(A69,'Tüm - Sektör'!$A:$H,12,0) -> #REF! | M69: =VLOOKUP(A69,'Tüm - Sektör'!$A:$H,13,0) -> #REF! | N69: =VLOOKUP(A69,'Tüm - Sektör'!$A:$H,14,0) -> #REF! | O69: =VLOOKUP(A69,'Tüm - Sektör'!$A:$H,15,0) -> #REF! | P69: =VLOOKUP(A69,'Tüm - Sektör'!$A:$H,16,0) -> #REF! | Q69: =E69*G69/100 -> 9.4566014 | R69: =IF(OR(H69="", H70="", Q69=0), "", IF(H69<H70, (H70-H69)/H69, "")) | S69: 9.9456549 | T69: =S69-Q69 -> 0.48905348 | U69: BESLR +0,29 | V69: =IFERROR(VLOOKUP(LEFT(U70,FIND(" ",U70)-1),'BTA Tarama'!$A:$K,11,0),"") | X69: =IF(COUNTIF('Yıldız Liste'!A:A, A69)>0, "Yıldız Pazar", IF(COUNTIF('Ana Pazar Liste'!A:A, A69)>0, "Ana Pazar", IF(COUNTIF('Alt Pazar Liste'!A:A, A69)>0, "Alt Pazar", ""))) -> Ana Pazar
A70: BLUME | B70: Holdingler ve Yatırım Sirketleri | C70: 620166725 | D70: 174710255 | E70: =VLOOKUP(A70,'Tüm - Sektör'!$A:$H,5,0) -> 7.383523 | F70: =VLOOKUP(A70,'Tüm - Sektör'!$A:$H,6,0) -> 1.0307691 | G70: =VLOOKUP(A70,'Tüm - Sektör'!$A:$H,7,0) -> 132.14332 | H70: 41 | I70: =VLOOKUP(A70,'Tüm - Sektör'!$A:$H,9,0) -> #REF! | J70: =VLOOKUP(A70,'Tüm - Sektör'!$A:$H,10,0) -> #REF! | K70: =VLOOKUP(A70,'Tüm - Sektör'!$A:$H,11,0) -> #REF! | L70: =VLOOKUP(A70,'Tüm - Sektör'!$A:$H,12,0) -> #REF! | M70: =VLOOKUP(A70,'Tüm - Sektör'!$A:$H,13,0) -> #REF! | N70: =VLOOKUP(A70,'Tüm - Sektör'!$A:$H,14,0) -> #REF! | O70: =VLOOKUP(A70,'Tüm - Sektör'!$A:$H,15,0) -> #REF! | P70: =VLOOKUP(A70,'Tüm - Sektör'!$A:$H,16,0) -> #REF! | Q70: =E70*G70/100 -> 9.7568323 | R70: =IF(OR(H70="", H71="", Q70=0), "", IF(H70<H71, (H71-H70)/H70, "")) | S70: 9.5518176 | T70: =S70-Q70 -> -0.20501462 | U70: AVPGY +0,28 | V70: =IFERROR(VLOOKUP(LEFT(U71,FIND(" ",U71)-1),'BTA Tarama'!$A:$K,11,0),"") | X70: =IF(COUNTIF('Yıldız Liste'!A:A, A70)>0, "Yıldız Pazar", IF(COUNTIF('Ana Pazar Liste'!A:A, A70)>0, "Ana Pazar", IF(COUNTIF('Alt Pazar Liste'!A:A, A70)>0, "Alt Pazar", ""))) -> Ana Pazar
A71: PNLSN | B71: Ana Metal Sanayi | C71: 3231285211 | D71: 75000000 | E71: =VLOOKUP(A71,'Tüm - Sektör'!$A:$H,5,0) -> 46.8253 | F71: =VLOOKUP(A71,'Tüm - Sektör'!$A:$H,6,0) -> 14.865175 | G71: =VLOOKUP(A71,'Tüm - Sektör'!$A:$H,7,0) -> 20.950915 | H71: 40.78 | I71: =VLOOKUP(A71,'Tüm - Sektör'!$A:$H,9,0) -> #REF! | J71: =VLOOKUP(A71,'Tüm - Sektör'!$A:$H,10,0) -> #REF! | K71: =VLOOKUP(A71,'Tüm - Sektör'!$A:$H,11,0) -> #REF! | L71: =VLOOKUP(A71,'Tüm - Sektör'!$A:$H,12,0) -> #REF! | M71: =VLOOKUP(A71,'Tüm - Sektör'!$A:$H,13,0) -> #REF! | N71: =VLOOKUP(A71,'Tüm - Sektör'!$A:$H,14,0) -> #REF! | O71: =VLOOKUP(A71,'Tüm - Sektör'!$A:$H,15,0) -> #REF! | P71: =VLOOKUP(A71,'Tüm - Sektör'!$A:$H,16,0) -> #REF! | Q71: =E71*G71/100 -> 9.8103289 | R71: =IF(OR(H71="", H72="", Q71=0), "", IF(H71<H72, (H72-H71)/H71, "")) | S71: 9.7481776 | T71: =S71-Q71 -> -0.062151206 | U71: ISCTR +0,27 | V71: =IFERROR(VLOOKUP(LEFT(U72,FIND(" ",U72)-1),'BTA Tarama'!$A:$K,11,0),"") -> 124838240175 | X71: =IF(COUNTIF('Yıldız Liste'!A:A, A71)>0, "Yıldız Pazar", IF(COUNTIF('Ana Pazar Liste'!A:A, A71)>0, "Ana Pazar", IF(COUNTIF('Alt Pazar Liste'!A:A, A71)>0, "Alt Pazar", ""))) -> Ana Pazar
A72: AKHAN | B72: Gıda , İçecek ve Tütün | C72: 5199468670 | D72: 273350000 | E72: =VLOOKUP(A72,'Tüm - Sektör'!$A:$H,5,0) -> 18.174072 | F72: =VLOOKUP(A72,'Tüm - Sektör'!$A:$H,6,0) -> 1.6621614 | G72: =VLOOKUP(A72,'Tüm - Sektör'!$A:$H,7,0) -> 54.497838 | H72: 40.4 | I72: =VLOOKUP(A72,'Tüm - Sektör'!$A:$H,9,0) -> #REF! | J72: =VLOOKUP(A72,'Tüm - Sektör'!$A:$H,10,0) -> #REF! | K72: =VLOOKUP(A72,'Tüm - Sektör'!$A:$H,11,0) -> #REF! | L72: =VLOOKUP(A72,'Tüm - Sektör'!$A:$H,12,0) -> #REF! | M72: =VLOOKUP(A72,'Tüm - Sektör'!$A:$H,13,0) -> #REF! | N72: =VLOOKUP(A72,'Tüm - Sektör'!$A:$H,14,0) -> #REF! | O72: =VLOOKUP(A72,'Tüm - Sektör'!$A:$H,15,0) -> #REF! | P72: =VLOOKUP(A72,'Tüm - Sektör'!$A:$H,16,0) -> #REF! | Q72: =E72*G72/100 -> 9.9044764 | R72: =IF(OR(H72="", H73="", Q72=0), "", IF(H72<H73, (H73-H72)/H72, "")) | S72: 9.6326636 | T72: =S72-Q72 -> -0.27181279 | U72: AVGYO +0,27 | V72: =IFERROR(VLOOKUP(LEFT(U73,FIND(" ",U73)-1),'BTA Tarama'!$A:$K,11,0),"") | X72: =IF(COUNTIF('Yıldız Liste'!A:A, A72)>0, "Yıldız Pazar", IF(COUNTIF('Ana Pazar Liste'!A:A, A72)>0, "Ana Pazar", IF(COUNTIF('Alt Pazar Liste'!A:A, A72)>0, "Alt Pazar", ""))) -> Ana Pazar
A73: DESPC | B73: Teknoloji - Bilisim | C73: 418442261 | D73: 23000000 | E73: =VLOOKUP(A73,'Tüm - Sektör'!$A:$H,5,0) -> 85.631418 | F73: =VLOOKUP(A73,'Tüm - Sektör'!$A:$H,6,0) -> 90.807443 | G73: =VLOOKUP(A73,'Tüm - Sektör'!$A:$H,7,0) -> 11.696857 | H73: 39.94 | I73: =VLOOKUP(A73,'Tüm - Sektör'!$A:$H,9,0) -> #REF! | J73: =VLOOKUP(A73,'Tüm - Sektör'!$A:$H,10,0) -> #REF! | K73: =VLOOKUP(A73,'Tüm - Sektör'!$A:$H,11,0) -> #REF! | L73: =VLOOKUP(A73,'Tüm - Sektör'!$A:$H,12,0) -> #REF! | M73: =VLOOKUP(A73,'Tüm - Sektör'!$A:$H,13,0) -> #REF! | N73: =VLOOKUP(A73,'Tüm - Sektör'!$A:$H,14,0) -> #REF! | O73: =VLOOKUP(A73,'Tüm - Sektör'!$A:$H,15,0) -> #REF! | P73: =VLOOKUP(A73,'Tüm - Sektör'!$A:$H,16,0) -> #REF! | Q73: =E73*G73/100 -> 10.016185 | R73: =IF(OR(H73="", H74="", Q73=0), "", IF(H73<H74, (H74-H73)/H73, "")) | S73: 9.8339826 | T73: =S73-Q73 -> -0.18220198 | U73: ISMEN +0,26 | V73: =IFERROR(VLOOKUP(LEFT(U74,FIND(" ",U74)-1),'BTA Tarama'!$A:$K,11,0),"") | X73: =IF(COUNTIF('Yıldız Liste'!A:A, A73)>0, "Yıldız Pazar", IF(COUNTIF('Ana Pazar Liste'!A:A, A73)>0, "Ana Pazar", IF(COUNTIF('Alt Pazar Liste'!A:A, A73)>0, "Alt Pazar", ""))) -> Ana Pazar
A74: BAKAB | B74: Kağıt, Kağıt Ürünleri Basım | C74: 3080653025 | D74: 72000000 | E74: =VLOOKUP(A74,'Tüm - Sektör'!$A:$H,5,0) -> 80.778707 | F74: =VLOOKUP(A74,'Tüm - Sektör'!$A:$H,6,0) -> 28.767346 | G74: =VLOOKUP(A74,'Tüm - Sektör'!$A:$H,7,0) -> 12.606715 | H74: 39.3 | I74: =VLOOKUP(A74,'Tüm - Sektör'!$A:$H,9,0) -> #REF! | J74: =VLOOKUP(A74,'Tüm - Sektör'!$A:$H,10,0) -> #REF! | K74: =VLOOKUP(A74,'Tüm - Sektör'!$A:$H,11,0) -> #REF! | L74: =VLOOKUP(A74,'Tüm - Sektör'!$A:$H,12,0) -> #REF! | M74: =VLOOKUP(A74,'Tüm - Sektör'!$A:$H,13,0) -> #REF! | N74: =VLOOKUP(A74,'Tüm - Sektör'!$A:$H,14,0) -> #REF! | O74: =VLOOKUP(A74,'Tüm - Sektör'!$A:$H,15,0) -> #REF! | P74: =VLOOKUP(A74,'Tüm - Sektör'!$A:$H,16,0) -> #REF! | Q74: =E74*G74/100 -> 10.183541 | R74: =IF(OR(H74="", H75="", Q74=0), "", IF(H74<H75, (H75-H74)/H74, "")) | S74: 10.433086 | T74: =S74-Q74 -> 0.24954455 | U74: ENPRA +0,25 | V74: =IFERROR(VLOOKUP(LEFT(U75,FIND(" ",U75)-1),'BTA Tarama'!$A:$K,11,0),"") -> 177665552176 | X74: =IF(COUNTIF('Yıldız Liste'!A:A, A74)>0, "Yıldız Pazar", IF(COUNTIF('Ana Pazar Liste'!A:A, A74)>0, "Ana Pazar", IF(COUNTIF('Alt Pazar Liste'!A:A, A74)>0, "Alt Pazar", ""))) -> Ana Pazar
... A105: MEDTR | B105: Kimya , İlaç , Petrol , Lastik ve Plastik Ürünler | C105: 3143931773 | D105: 119000000 | E105: =VLOOKUP(A105,'Tüm - Sektör'!$A:$H,5,0) -> 64.659793 | F105: =VLOOKUP(A105,'Tüm - Sektör'!$A:$H,6,0) -> 21.734384 | G105: =VLOOKUP(A105,'Tüm - Sektör'!$A:$H,7,0) -> 24.496238 | H105: 25.26 | I105: =VLOOKUP(A105,'Tüm - Sektör'!$A:$H,9,0) -> #REF! | J105: =VLOOKUP(A105,'Tüm - Sektör'!$A:$H,10,0) -> #REF! | K105: =VLOOKUP(A105,'Tüm - Sektör'!$A:$H,11,0) -> #REF! | L105: =VLOOKUP(A105,'Tüm - Sektör'!$A:$H,12,0) -> #REF! | M105: =VLOOKUP(A105,'Tüm - Sektör'!$A:$H,13,0) -> #REF! | N105: =VLOOKUP(A105,'Tüm - Sektör'!$A:$H,14,0) -> #REF! | O105: =VLOOKUP(A105,'Tüm - Sektör'!$A:$H,15,0) -> #REF! | P105: =VLOOKUP(A105,'Tüm - Sektör'!$A:$H,16,0) -> #REF! | Q105: =E105*G105/100 -> 15.839217 | R105: =IF(OR(H105="", H106="", Q105=0), "", IF(H105<H106, (H106-H105)/H105, "")) | S105: 15.826686 | T105: =S105-Q105 -> -0.012531026 | U105: ARASE +0,13 | V105: =IFERROR(VLOOKUP(LEFT(U106,FIND(" ",U106)-1),'BTA Tarama'!$A:$K,11,0),"") -> 0 | X105: =IF(COUNTIF('Yıldız Liste'!A:A, A105)>0, "Yıldız Pazar", IF(COUNTIF('Ana Pazar Liste'!A:A, A105)>0, "Ana Pazar", IF(COUNTIF('Alt Pazar Liste'!A:A, A105)>0, "Alt Pazar", ""))) -> Ana Pazar
A106: CEOEM | B106: Güvenlik ve Sorusturma | C106: 1357332842 | D106: 535000000 | E106: =VLOOKUP(A106,'Tüm - Sektör'!$A:$H,5,0) -> 72.484479 | F106: =VLOOKUP(A106,'Tüm - Sektör'!$A:$H,6,0) -> 65.894981 | G106: =VLOOKUP(A106,'Tüm - Sektör'!$A:$H,7,0) -> 22.20019 | H106: 24.86 | I106: =VLOOKUP(A106,'Tüm - Sektör'!$A:$H,9,0) -> #REF! | J106: =VLOOKUP(A106,'Tüm - Sektör'!$A:$H,10,0) -> #REF! | K106: =VLOOKUP(A106,'Tüm - Sektör'!$A:$H,11,0) -> #REF! | L106: =VLOOKUP(A106,'Tüm - Sektör'!$A:$H,12,0) -> #REF! | M106: =VLOOKUP(A106,'Tüm - Sektör'!$A:$H,13,0) -> #REF! | N106: =VLOOKUP(A106,'Tüm - Sektör'!$A:$H,14,0) -> #REF! | O106: =VLOOKUP(A106,'Tüm - Sektör'!$A:$H,15,0) -> #REF! | P106: =VLOOKUP(A106,'Tüm - Sektör'!$A:$H,16,0) -> #REF! | Q106: =E106*G106/100 -> 16.091692 | R106: =IF(OR(H106="", H107="", Q106=0), "", IF(H106<H107, (H107-H106)/H106, "")) | S106: 15.912469 | T106: -0.12343057 | U106: ICBCT +0,13 | V106: =IFERROR(VLOOKUP(LEFT(U107,FIND(" ",U107)-1),'BTA Tarama'!$A:$K,11,0),"") -> -5051412712,5 | X106: =IF(COUNTIF('Yıldız Liste'!A:A, A106)>0, "Yıldız Pazar", IF(COUNTIF('Ana Pazar Liste'!A:A, A106)>0, "Ana Pazar", IF(COUNTIF('Alt Pazar Liste'!A:A, A106)>0, "Alt Pazar", ""))) -> Ana Pazar
A107: CELHA | B107: Ana Metal Sanayi | C107: 4404805235 | D107: 385499653 | E107: =VLOOKUP(A107,'Tüm - Sektör'!$A:$H,5,0) -> 21.834034 | F107: =VLOOKUP(A107,'Tüm - Sektör'!$A:$H,6,0) -> 2.2655308 | G107: =VLOOKUP(A107,'Tüm - Sektör'!$A:$H,7,0) -> 74.176674 | H107: 24.7 | I107: =VLOOKUP(A107,'Tüm - Sektör'!$A:$H,9,0) -> #REF! | J107: =VLOOKUP(A107,'Tüm - Sektör'!$A:$H,10,0) -> #REF! | K107: =VLOOKUP(A107,'Tüm - Sektör'!$A:$H,11,0) -> #REF! | L107: =VLOOKUP(A107,'Tüm - Sektör'!$A:$H,12,0) -> #REF! | M107: =VLOOKUP(A107,'Tüm - Sektör'!$A:$H,13,0) -> #REF! | N107: =VLOOKUP(A107,'Tüm - Sektör'!$A:$H,14,0) -> #REF! | O107: =VLOOKUP(A107,'Tüm - Sektör'!$A:$H,15,0) -> #REF! | P107: =VLOOKUP(A107,'Tüm - Sektör'!$A:$H,16,0) -> #REF! | Q107: =E107*G107/100 -> 16.19576 | R107: =IF(OR(H107="", H108="", Q107=0), "", IF(H107<H108, (H108-H107)/H107, "")) | S107: 16.288081 | T107: =S107-Q107 -> 0.092321108 | U107: CRFSA +0,13 | V107: =IFERROR(VLOOKUP(LEFT(U108,FIND(" ",U108)-1),'BTA Tarama'!$A:$K,11,0),"") -> -3751509798 | X107: =IF(COUNTIF('Yıldız Liste'!A:A, A107)>0, "Yıldız Pazar", IF(COUNTIF('Ana Pazar Liste'!A:A, A107)>0, "Ana Pazar", IF(COUNTIF('Alt Pazar Liste'!A:A, A107)>0, "Alt Pazar", ""))) -> Ana Pazar
A108: BIZIM | B108: Perakende Ticaret | C108: 130759168 | D108: 80476074 | E108: =VLOOKUP(A108,'Tüm - Sektör'!$A:$H,5,0) -> 62.302378 | F108: =VLOOKUP(A108,'Tüm - Sektör'!$A:$H,6,0) -> 32.257195 | G108: =VLOOKUP(A108,'Tüm - Sektör'!$A:$H,7,0) -> 26.361856 | H108: 24.36 | I108: =VLOOKUP(A108,'Tüm - Sektör'!$A:$H,9,0) -> #REF! | J108: =VLOOKUP(A108,'Tüm - Sektör'!$A:$H,10,0) -> #REF! | K108: =VLOOKUP(A108,'Tüm - Sektör'!$A:$H,11,0) -> #REF! | L108: =VLOOKUP(A108,'Tüm - Sektör'!$A:$H,12,0) -> #REF! | M108: =VLOOKUP(A108,'Tüm - Sektör'!$A:$H,13,0) -> #REF! | N108: =VLOOKUP(A108,'Tüm - Sektör'!$A:$H,14,0) -> #REF! | O108: =VLOOKUP(A108,'Tüm - Sektör'!$A:$H,15,0) -> #REF! | P108: =VLOOKUP(A108,'Tüm - Sektör'!$A:$H,16,0) -> #REF! | Q108: =E108*G108/100 -> 16.424063 | R108: =IF(OR(H108="", H109="", Q108=0), "", IF(H108<H109, (H109-H108)/H108, "")) | S108: 16.546327 | T108: =S108-Q108 -> 0.1222635 | U108: GEDZA +0,12 | V108: =IFERROR(VLOOKUP(LEFT(U109,FIND(" ",U109)-1),'BTA Tarama'!$A:$K,11,0),"") -> -485202706014 | X108: =IF(COUNTIF('Yıldız Liste'!A:A, A108)>0, "Yıldız Pazar", IF(COUNTIF('Ana Pazar Liste'!A:A, A108)>0, "Ana Pazar", IF(COUNTIF('Alt Pazar Liste'!A:A, A108)>0, "Alt Pazar", ""))) -> Ana Pazar
A109: ZGYO | B109: Gayrimenkul Yatırım Ortaklıkları | C109: 3157167716 | D109: 210492225 | E109: =VLOOKUP(A109,'Tüm - Sektör'!$A:$H,5,0) -> 33.422288 | F109: =VLOOKUP(A109,'Tüm - Sektör'!$A:$H,6,0) -> 5.4752268 | G109: =VLOOKUP(A109,'Tüm - Sektör'!$A:$H,7,0) -> 50.00221 | H109: 23.94 | I109: =VLOOKUP(A109,'Tüm - Sektör'!$A:$H,9,0) -> #REF! | J109: =VLOOKUP(A109,'Tüm - Sektör'!$A:$H,10,0) -> #REF! | K109: =VLOOKUP(A109,'Tüm - Sektör'!$A:$H,11,0) -> #REF! | L109: =VLOOKUP(A109,'Tüm - Sektör'!$A:$H,12,0) -> #REF! | M109: =VLOOKUP(A109,'Tüm - Sektör'!$A:$H,13,0) -> #REF! | N109: =VLOOKUP(A109,'Tüm - Sektör'!$A:$H,14,0) -> #REF! | O109: =VLOOKUP(A109,'Tüm - Sektör'!$A:$H,15,0) -> #REF! | P109: =VLOOKUP(A109,'Tüm - Sektör'!$A:$H,16,0) -> #REF! | Q109: =E109*G109/100 -> 16.711882 | R109: =IF(OR(H109="", H110="", Q109=0), "", IF(H109<H110, (H110-H109)/H109, "")) | S109: 15.052012 | T109: =S109-Q109 -> -1.6598709 | U109: BIZIM +0,12 | V109: =IFERROR(VLOOKUP(LEFT(U110,FIND(" ",U110)-1),'BTA Tarama'!$A:$K,11,0),"") | X109: =IF(COUNTIF('Yıldız Liste'!A:A, A109)>0, "Yıldız Pazar", IF(COUNTIF('Ana Pazar Liste'!A:A, A109)>0, "Ana Pazar", IF(COUNTIF('Alt Pazar Liste'!A:A, A109)>0, "Alt Pazar", ""))) -> Ana Pazar
A110: CUSAN | B110: Ana Metal Sanayi | C110: 739485696 | D110: 71250000 | E110: =VLOOKUP(A110,'Tüm - Sektör'!$A:$H,5,0) -> 91.145811 | F110: =VLOOKUP(A110,'Tüm - Sektör'!$A:$H,6,0) -> 53.301644 | G110: =VLOOKUP(A110,'Tüm - Sektör'!$A:$H,7,0) -> 18.348433 | H110: 23.92 | I110: =VLOOKUP(A110,'Tüm - Sektör'!$A:$H,9,0) -> #REF! | J110: =VLOOKUP(A110,'Tüm - Sektör'!$A:$H,10,0) -> #REF! | K110: =VLOOKUP(A110,'Tüm - Sektör'!$A:$H,11,0) -> #REF! | L110: =VLOOKUP(A110,'Tüm - Sektör'!$A:$H,12,0) -> #REF! | M110: =VLOOKUP(A110,'Tüm - Sektör'!$A:$H,13,0) -> #REF! | N110: =VLOOKUP(A110,'Tüm - Sektör'!$A:$H,14,0) -> #REF! | O110: =VLOOKUP(A110,'Tüm - Sektör'!$A:$H,15,0) -> #REF! | P110: =VLOOKUP(A110,'Tüm - Sektör'!$A:$H,16,0) -> #REF! | Q110: =E110*G110/100 -> 16.723828 | R110: =IF(OR(H110="", H111="", Q110=0), "", IF(H110<H111, (H111-H110)/H110, "")) | S110: 16.668082 | T110: =S110-Q110 -> -0.055746094 | U110: BRMEN +0,12 | V110: =IFERROR(VLOOKUP(LEFT(U111,FIND(" ",U111)-1),'BTA Tarama'!$A:$K,11,0),"") | X110: =IF(COUNTIF('Yıldız Liste'!A:A, A110)>0, "Yıldız Pazar", IF(COUNTIF('Ana Pazar Liste'!A:A, A110)>0, "Ana Pazar", IF(COUNTIF('Alt Pazar Liste'!A:A, A110)>0, "Alt Pazar", ""))) -> Ana Pazar
A111: KRONT | B111: Teknoloji - Bilisim | C111: 824789585 | D111: 171222156 | E111: =VLOOKUP(A111,'Tüm - Sektör'!$A:$H,5,0) -> 15.387322 | F111: =VLOOKUP(A111,'Tüm - Sektör'!$A:$H,6,0) -> 3.5947034 | G111: =VLOOKUP(A111,'Tüm - Sektör'!$A:$H,7,0) -> 111.57914 | H111: 23.3 | I111: =VLOOKUP(A111,'Tüm - Sektör'!$A:$H,9,0) -> #REF! | J111: =VLOOKUP(A111,'Tüm - Sektör'!$A:$H,10,0) -> #REF! | K111: =VLOOKUP(A111,'Tüm - Sektör'!$A:$H,11,0) -> #REF! | L111: =VLOOKUP(A111,'Tüm - Sektör'!$A:$H,12,0) -> #REF! | M111: =VLOOKUP(A111,'Tüm - Sektör'!$A:$H,13,0) -> #REF! | N111: =VLOOKUP(A111,'Tüm - Sektör'!$A:$H,14,0) -> #REF! | O111: =VLOOKUP(A111,'Tüm - Sektör'!$A:$H,15,0) -> #REF! | P111: =VLOOKUP(A111,'Tüm - Sektör'!$A:$H,16,0) -> #REF! | Q111: =E111*G111/100 -> 17.169041 | R111: =IF(OR(H111="", H112="", Q111=0), "", IF(H111<H112, (H112-H111)/H111, "")) | S111: 16.02719 | T111: =S111-Q111 -> -1.1418513 | U111: GMTAS +0,12 | V111: =IFERROR(VLOOKUP(LEFT(U112,FIND(" ",U112)-1),'BTA Tarama'!$A:$K,11,0),"") -> 234960945762 | X111: =IF(COUNTIF('Yıldız Liste'!A:A, A111)>0, "Yıldız Pazar", IF(COUNTIF('Ana Pazar Liste'!A:A, A111)>0, "Ana Pazar", IF(COUNTIF('Alt Pazar Liste'!A:A, A111)>0, "Alt Pazar", ""))) -> Ana Pazar
A112: DITAS | B112: Metal Esya,Makine,Elektrikli Cihazlar,Ulasım Araç | C112: 1141807084 | D112: 170000000 | E112: =VLOOKUP(A112,'Tüm - Sektör'!$A:$H,5,0) -> 31.602183 | F112: =VLOOKUP(A112,'Tüm - Sektör'!$A:$H,6,0) -> 7.7456331 | G112: =VLOOKUP(A112,'Tüm - Sektör'!$A:$H,7,0) -> 55.376739 | H112: 22.86 | I112: =VLOOKUP(A112,'Tüm - Sektör'!$A:$H,9,0) -> #REF! | J112: =VLOOKUP(A112,'Tüm - Sektör'!$A:$H,10,0) -> #REF! | K112: =VLOOKUP(A112,'Tüm - Sektör'!$A:$H,11,0) -> #REF! | L112: =VLOOKUP(A112,'Tüm - Sektör'!$A:$H,12,0) -> #REF! | M112: =VLOOKUP(A112,'Tüm - Sektör'!$A:$H,13,0) -> #REF! | N112: =VLOOKUP(A112,'Tüm - Sektör'!$A:$H,14,0) -> #REF! | O112: =VLOOKUP(A112,'Tüm - Sektör'!$A:$H,15,0) -> #REF! | P112: =VLOOKUP(A112,'Tüm - Sektör'!$A:$H,16,0) -> #REF! | Q112: =E112*G112/100 -> 17.500258 | R112: =IF(OR(H112="", H113="", Q112=0), "", IF(H112<H113, (H113-H112)/H112, "")) | S112: 16.668996 | T112: =S112-Q112 -> -0.83126228 | U112: KIMMR +0,11 | V112: =IFERROR(VLOOKUP(LEFT(U113,FIND(" ",U113)-1),'BTA Tarama'!$A:$K,11,0),"") -> 7068360638 | X112: =IF(COUNTIF('Yıldız Liste'!A:A, A112)>0, "Yıldız Pazar", IF(COUNTIF('Ana Pazar Liste'!A:A, A112)>0, "Ana Pazar", IF(COUNTIF('Alt Pazar Liste'!A:A, A112)>0, "Alt Pazar", ""))) -> Ana Pazar
A113: DOKTA | B113: Ana Metal Sanayi | C113: 6812645348 | D113: 324000000 | E113: =VLOOKUP(A113,'Tüm - Sektör'!$A:$H,5,0) -> 54.860907 | F113: =VLOOKUP(A113,'Tüm - Sektör'!$A:$H,6,0) -> 7.3619038 | G113: =VLOOKUP(A113,'Tüm - Sektör'!$A:$H,7,0) -> 32.008809 | H113: 22.8 | I113: =VLOOKUP(A113,'Tüm - Sektör'!$A:$H,9,0) -> #REF! | J113: =VLOOKUP(A113,'Tüm - Sektör'!$A:$H,10,0) -> #REF! | K113: =VLOOKUP(A113,'Tüm - Sektör'!$A:$H,11,0) -> #REF! | L113: =VLOOKUP(A113,'Tüm - Sektör'!$A:$H,12,0) -> #REF! | M113: =VLOOKUP(A113,'Tüm - Sektör'!$A:$H,13,0) -> #REF! | N113: =VLOOKUP(A113,'Tüm - Sektör'!$A:$H,14,0) -> #REF! | O113: =VLOOKUP(A113,'Tüm - Sektör'!$A:$H,15,0) -> #REF! | P113: =VLOOKUP(A113,'Tüm - Sektör'!$A:$H,16,0) -> #REF! | Q113: =E113*G113/100 -> 17.560323 | R113: =IF(OR(H113="", H114="", Q113=0), "", IF(H113<H114, (H114-H113)/H113, "")) | S113: 17.622155 | T113: =S113-Q113 -> 0.061832123 | U113: SANFM +0,11 | V113: =IFERROR(VLOOKUP(LEFT(U114,FIND(" ",U114)-1),'BTA Tarama'!$A:$K,11,0),"") | X113: =IF(COUNTIF('Yıldız Liste'!A:A, A113)>0, "Yıldız Pazar", IF(COUNTIF('Ana Pazar Liste'!A:A, A113)>0, "Ana Pazar", IF(COUNTIF('Alt Pazar Liste'!A:A, A113)>0, "Alt Pazar", ""))) -> Ana Pazar
A114: SMART | B114: Teknoloji - Bilisim | C114: 447890029 | D114: 31862500 | E114: =VLOOKUP(A114,'Tüm - Sektör'!$A:$H,5,0) -> 59.756686 | F114: =VLOOKUP(A114,'Tüm - Sektör'!$A:$H,6,0) -> 78.14396 | G114: =VLOOKUP(A114,'Tüm - Sektör'!$A:$H,7,0) -> 29.645479 | H114: 22.58 | I114: =VLOOKUP(A114,'Tüm - Sektör'!$A:$H,9,0) -> #REF! | J114: =VLOOKUP(A114,'Tüm - Sektör'!$A:$H,10,0) -> #REF! | K114: =VLOOKUP(A114,'Tüm - Sektör'!$A:$H,11,0) -> #REF! | L114: =VLOOKUP(A114,'Tüm - Sektör'!$A:$H,12,0) -> #REF! | M114: =VLOOKUP(A114,'Tüm - Sektör'!$A:$H,13,0) -> #REF! | N114: =VLOOKUP(A114,'Tüm - Sektör'!$A:$H,14,0) -> #REF! | O114: =VLOOKUP(A114,'Tüm - Sektör'!$A:$H,15,0) -> #REF! | P114: =VLOOKUP(A114,'Tüm - Sektör'!$A:$H,16,0) -> #REF! | Q114: =E114*G114/100 -> 17.715156 | R114: =IF(OR(H114="", H115="", Q114=0), "", IF(H114<H115, (H115-H114)/H114, "")) | S114: 16.978277 | T114: =S114-Q114 -> -0.7368783 | U114: CCOLA +0,11 | V114: =IFERROR(VLOOKUP(LEFT(U115,FIND(" ",U115)-1),'BTA Tarama'!$A:$K,11,0),"") | X114: =IF(COUNTIF('Yıldız Liste'!A:A, A114)>0, "Yıldız Pazar", IF(COUNTIF('Ana Pazar Liste'!A:A, A114)>0, "Ana Pazar", IF(COUNTIF('Alt Pazar Liste'!A:A, A114)>0, "Alt Pazar", ""))) -> Ana Pazar
A115: BEYAZ | B115: Ulastırma ve Depolama | C115: 1306156803 | D115: 99687500 | E115: =VLOOKUP(A115,'Tüm - Sektör'!$A:$H,5,0) -> 73.126187 | F115: =VLOOKUP(A115,'Tüm - Sektör'!$A:$H,6,0) -> 31.893662 | G115: =VLOOKUP(A115,'Tüm - Sektör'!$A:$H,7,0) -> 24.468298 | H115: 22.36 | I115: =VLOOKUP(A115,'Tüm - Sektör'!$A:$H,9,0) -> #REF! | J115: =VLOOKUP(A115,'Tüm - Sektör'!$A:$H,10,0) -> #REF! | K115: =VLOOKUP(A115,'Tüm - Sektör'!$A:$H,11,0) -> #REF! | L115: =VLOOKUP(A115,'Tüm - Sektör'!$A:$H,12,0) -> #REF! | M115: =VLOOKUP(A115,'Tüm - Sektör'!$A:$H,13,0) -> #REF! | N115: =VLOOKUP(A115,'Tüm - Sektör'!$A:$H,14,0) -> #REF! | O115: =VLOOKUP(A115,'Tüm - Sektör'!$A:$H,15,0) -> #REF! | P115: =VLOOKUP(A115,'Tüm - Sektör'!$A:$H,16,0) -> #REF! | Q115: =E115*G115/100 -> 17.892733 | R115: =IF(OR(H115="", H116="", Q115=0), "", IF(H115<H116, (H116-H115)/H115, "")) | S115: 17.379736 | T115: =S115-Q115 -> -0.51299757 | U115: SONME +0,10 | V115: =IFERROR(VLOOKUP(LEFT(U116,FIND(" ",U116)-1),'BTA Tarama'!$A:$K,11,0),"") -> 14698021506 | X115: =IF(COUNTIF('Yıldız Liste'!A:A, A115)>0, "Yıldız Pazar", IF(COUNTIF('Ana Pazar Liste'!A:A, A115)>0, "Ana Pazar", IF(COUNTIF('Alt Pazar Liste'!A:A, A115)>0, "Alt Pazar", ""))) -> Ana Pazar
A116: BRLSM | B116: Metal Esya,Makine,Elektrikli Cihazlar,Ulasım Araç | C116: 1614800897 | D116: 224000000 | E116: =VLOOKUP(A116,'Tüm - Sektör'!$A:$H,5,0) -> 16.809444 | F116: =VLOOKUP(A116,'Tüm - Sektör'!$A:$H,6,0) -> 3.0016864 | G116: =VLOOKUP(A116,'Tüm - Sektör'!$A:$H,7,0) -> 107.96858 | H116: 22.04 | I116: =VLOOKUP(A116,'Tüm - Sektör'!$A:$H,9,0) -> #REF! | J116: =VLOOKUP(A116,'Tüm - Sektör'!$A:$H,10,0) -> #REF! | K116: =VLOOKUP(A116,'Tüm - Sektör'!$A:$H,11,0) -> #REF! | L116: =VLOOKUP(A116,'Tüm - Sektör'!$A:$H,12,0) -> #REF! | M116: =VLOOKUP(A116,'Tüm - Sektör'!$A:$H,13,0) -> #REF! | N116: =VLOOKUP(A116,'Tüm - Sektör'!$A:$H,14,0) -> #REF! | O116: =VLOOKUP(A116,'Tüm - Sektör'!$A:$H,15,0) -> #REF! | P116: =VLOOKUP(A116,'Tüm - Sektör'!$A:$H,16,0) -> #REF! | Q116: =E116*G116/100 -> 18.148918 | R116: =IF(OR(H116="", H117="", Q116=0), "", IF(H116<H117, (H117-H116)/H116, "")) | S116: 16.339958 | T116: =S116-Q116 -> -1.8089608 | U116: OZSUB +0,10 | V116: =IFERROR(VLOOKUP(LEFT(U117,FIND(" ",U117)-1),'BTA Tarama'!$A:$K,11,0),"") -> 460353910844 | X116: =IF(COUNTIF('Yıldız Liste'!A:A, A116)>0, "Yıldız Pazar", IF(COUNTIF('Ana Pazar Liste'!A:A, A116)>0, "Ana Pazar", IF(COUNTIF('Alt Pazar Liste'!A:A, A116)>0, "Alt Pazar", ""))) -> Ana Pazar
A117: DURKN | B117: Gıda , İçecek ve Tütün | C117: 2574862803 | D117: 132500000 | E117: =VLOOKUP(A117,'Tüm - Sektör'!$A:$H,5,0) -> 43.460899 | F117: =VLOOKUP(A117,'Tüm - Sektör'!$A:$H,6,0) -> 14.909399 | G117: =VLOOKUP(A117,'Tüm - Sektör'!$A:$H,7,0) -> 42.424709 | H117: 21.7 | I117: =VLOOKUP(A117,'Tüm - Sektör'!$A:$H,9,0) -> #REF! | J117: =VLOOKUP(A117,'Tüm - Sektör'!$A:$H,10,0) -> #REF! | K117: =VLOOKUP(A117,'Tüm - Sektör'!$A:$H,11,0) -> #REF! | L117: =VLOOKUP(A117,'Tüm - Sektör'!$A:$H,12,0) -> #REF! | M117: =VLOOKUP(A117,'Tüm - Sektör'!$A:$H,13,0) -> #REF! | N117: =VLOOKUP(A117,'Tüm - Sektör'!$A:$H,14,0) -> #REF! | O117: =VLOOKUP(A117,'Tüm - Sektör'!$A:$H,15,0) -> #REF! | P117: =VLOOKUP(A117,'Tüm - Sektör'!$A:$H,16,0) -> #REF! | Q117: =E117*G117/100 -> 18.43816 | R117: =IF(OR(H117="", H118="", Q117=0), "", IF(H117<H118, (H118-H117)/H117, "")) | S117: 17.87793 | T117: =S117-Q117 -> -0.56023006 | U117: AYEN +0,10 | V117: =IFERROR(VLOOKUP(LEFT(U118,FIND(" ",U118)-1),'BTA Tarama'!$A:$K,11,0),"") -> 21924062388 | X117: =IF(COUNTIF('Yıldız Liste'!A:A, A117)>0, "Yıldız Pazar", IF(COUNTIF('Ana Pazar Liste'!A:A, A117)>0, "Ana Pazar", IF(COUNTIF('Alt Pazar Liste'!A:A, A117)>0, "Alt Pazar", ""))) -> Ana Pazar
A118: YIGIT | B118: Metal Esya,Makine,Elektrikli Cihazlar,Ulasım Araç | C118: 7612948946 | D118: 300500000 | E118: =VLOOKUP(A118,'Tüm - Sektör'!$A:$H,5,0) -> 20.632935 | F118: =VLOOKUP(A118,'Tüm - Sektör'!$A:$H,6,0) -> 2.9853049 | G118: =VLOOKUP(A118,'Tüm - Sektör'!$A:$H,7,0) -> 89.692524 | H118: 21.62 | I118: =VLOOKUP(A118,'Tüm - Sektör'!$A:$H,9,0) -> #REF! | J118: =VLOOKUP(A118,'Tüm - Sektör'!$A:$H,10,0) -> #REF! | K118: =VLOOKUP(A118,'Tüm - Sektör'!$A:$H,11,0) -> #REF! | L118: =VLOOKUP(A118,'Tüm - Sektör'!$A:$H,12,0) -> #REF! | M118: =VLOOKUP(A118,'Tüm - Sektör'!$A:$H,13,0) -> #REF! | N118: =VLOOKUP(A118,'Tüm - Sektör'!$A:$H,14,0) -> #REF! | O118: =VLOOKUP(A118,'Tüm - Sektör'!$A:$H,15,0) -> #REF! | P118: =VLOOKUP(A118,'Tüm - Sektör'!$A:$H,16,0) -> #REF! | Q118: =E118*G118/100 -> 18.5062 | R118: =IF(OR(H118="", H119="", Q118=0), "", IF(H118<H119, (H119-H118)/H118, "")) | S118: 18.454984 | T118: =S118-Q118 -> -0.051216421 | U118: PKART +0,10 | V118: =IFERROR(VLOOKUP(LEFT(U119,FIND(" ",U119)-1),'BTA Tarama'!$A:$K,11,0),"") -> 111934022144 | X118: =IF(COUNTIF('Yıldız Liste'!A:A, A118)>0, "Yıldız Pazar", IF(COUNTIF('Ana Pazar Liste'!A:A, A118)>0, "Ana Pazar", IF(COUNTIF('Alt Pazar Liste'!A:A, A118)>0, "Alt Pazar", ""))) -> Ana Pazar
... A169: KRPLS | B169: Kimya , İlaç , Petrol , Lastik ve Plastik Ürünler | C169: 932814398 | D169: 174600000 | E169: =VLOOKUP(A169,'Tüm - Sektör'!$A:$H,5,0) -> 48.782763 | F169: =VLOOKUP(A169,'Tüm - Sektör'!$A:$H,6,0) -> 27.939727 | G169: =VLOOKUP(A169,'Tüm - Sektör'!$A:$H,7,0) -> 78.469516 | H169: 10.45 | I169: =VLOOKUP(A169,'Tüm - Sektör'!$A:$H,9,0) -> #REF! | J169: =VLOOKUP(A169,'Tüm - Sektör'!$A:$H,10,0) -> #REF! | K169: =VLOOKUP(A169,'Tüm - Sektör'!$A:$H,11,0) -> #REF! | L169: =VLOOKUP(A169,'Tüm - Sektör'!$A:$H,12,0) -> #REF! | M169: =VLOOKUP(A169,'Tüm - Sektör'!$A:$H,13,0) -> #REF! | N169: =VLOOKUP(A169,'Tüm - Sektör'!$A:$H,14,0) -> #REF! | O169: =VLOOKUP(A169,'Tüm - Sektör'!$A:$H,15,0) -> #REF! | P169: =VLOOKUP(A169,'Tüm - Sektör'!$A:$H,16,0) -> #REF! | Q169: =E169*G169/100 -> 38.279598 | R169: =IF(OR(H169="", H170="", Q169=0), "", IF(H169<H170, (H170-H169)/H169, "")) | S169: 37.916758 | T169: =S169-Q169 -> -0.36283979 | U169: SUMAS +0,01 | V169: =IFERROR(VLOOKUP(LEFT(U170,FIND(" ",U170)-1),'BTA Tarama'!$A:$K,11,0),"") | X169: =IF(COUNTIF('Yıldız Liste'!A:A, A169)>0, "Yıldız Pazar", IF(COUNTIF('Ana Pazar Liste'!A:A, A169)>0, "Ana Pazar", IF(COUNTIF('Alt Pazar Liste'!A:A, A169)>0, "Alt Pazar", ""))) -> Ana Pazar
A170: SANFM | B170: Kimya , İlaç , Petrol , Lastik ve Plastik Ürünler | C170: 633089921 | D170: 375000000 | E170: =VLOOKUP(A170,'Tüm - Sektör'!$A:$H,5,0) -> 17.673902 | F170: =VLOOKUP(A170,'Tüm - Sektör'!$A:$H,6,0) -> 4.2845824 | G170: =VLOOKUP(A170,'Tüm - Sektör'!$A:$H,7,0) -> 217.20958 | H170: 10.42 | I170: =VLOOKUP(A170,'Tüm - Sektör'!$A:$H,9,0) -> #REF! | J170: =VLOOKUP(A170,'Tüm - Sektör'!$A:$H,10,0) -> #REF! | K170: =VLOOKUP(A170,'Tüm - Sektör'!$A:$H,11,0) -> #REF! | L170: =VLOOKUP(A170,'Tüm - Sektör'!$A:$H,12,0) -> #REF! | M170: =VLOOKUP(A170,'Tüm - Sektör'!$A:$H,13,0) -> #REF! | N170: =VLOOKUP(A170,'Tüm - Sektör'!$A:$H,14,0) -> #REF! | O170: =VLOOKUP(A170,'Tüm - Sektör'!$A:$H,15,0) -> #REF! | P170: =VLOOKUP(A170,'Tüm - Sektör'!$A:$H,16,0) -> #REF! | Q170: =E170*G170/100 -> 38.389409 | R170: =IF(OR(H170="", H171="", Q170=0), "", IF(H170<H171, (H171-H170)/H170, "")) | S170: 38.500255 | T170: =S170-Q170 -> 0.11084526 | V170: =IFERROR(VLOOKUP(LEFT(U171,FIND(" ",U171)-1),'BTA Tarama'!$A:$K,11,0),"") | X170: =IF(COUNTIF('Yıldız Liste'!A:A, A170)>0, "Yıldız Pazar", IF(COUNTIF('Ana Pazar Liste'!A:A, A170)>0, "Ana Pazar", IF(COUNTIF('Alt Pazar Liste'!A:A, A170)>0, "Alt Pazar", ""))) -> Ana Pazar
A171: PINSU | B171: Gıda , İçecek ve Tütün | C171: 2705096261 | D171: 284288125 | E171: =VLOOKUP(A171,'Tüm - Sektör'!$A:$H,5,0) -> 39.607759 | F171: =VLOOKUP(A171,'Tüm - Sektör'!$A:$H,6,0) -> 13.932259 | G171: =VLOOKUP(A171,'Tüm - Sektör'!$A:$H,7,0) -> 98.355565 | H171: 10.27 | I171: =VLOOKUP(A171,'Tüm - Sektör'!$A:$H,9,0) -> #REF! | J171: =VLOOKUP(A171,'Tüm - Sektör'!$A:$H,10,0) -> #REF! | K171: =VLOOKUP(A171,'Tüm - Sektör'!$A:$H,11,0) -> #REF! | L171: =VLOOKUP(A171,'Tüm - Sektör'!$A:$H,12,0) -> #REF! | M171: =VLOOKUP(A171,'Tüm - Sektör'!$A:$H,13,0) -> #REF! | N171: =VLOOKUP(A171,'Tüm - Sektör'!$A:$H,14,0) -> #REF! | O171: =VLOOKUP(A171,'Tüm - Sektör'!$A:$H,15,0) -> #REF! | P171: =VLOOKUP(A171,'Tüm - Sektör'!$A:$H,16,0) -> #REF! | Q171: =E171*G171/100 -> 38.956435 | R171: =IF(OR(H171="", H172="", Q171=0), "", IF(H171<H172, (H172-H171)/H171, "")) | S171: 37.390896 | T171: =S171-Q171 -> -1.565539 | V171: =IFERROR(VLOOKUP(LEFT(U172,FIND(" ",U172)-1),'BTA Tarama'!$A:$K,11,0),"") | X171: =IF(COUNTIF('Yıldız Liste'!A:A, A171)>0, "Yıldız Pazar", IF(COUNTIF('Ana Pazar Liste'!A:A, A171)>0, "Ana Pazar", IF(COUNTIF('Alt Pazar Liste'!A:A, A171)>0, "Alt Pazar", ""))) -> Ana Pazar
A172: LXGYO | B172: Gayrimenkul Yatırım Ortaklıkları | C172: 1994126679 | D172: 330000000 | E172: =VLOOKUP(A172,'Tüm - Sektör'!$A:$H,5,0) -> 32.769155 | F172: =VLOOKUP(A172,'Tüm - Sektör'!$A:$H,6,0) -> 9.930047 | G172: =VLOOKUP(A172,'Tüm - Sektör'!$A:$H,7,0) -> 119.8171 | H172: 10.19 | I172: =VLOOKUP(A172,'Tüm - Sektör'!$A:$H,9,0) -> #REF! | J172: =VLOOKUP(A172,'Tüm - Sektör'!$A:$H,10,0) -> #REF! | K172: =VLOOKUP(A172,'Tüm - Sektör'!$A:$H,11,0) -> #REF! | L172: =VLOOKUP(A172,'Tüm - Sektör'!$A:$H,12,0) -> #REF! | M172: =VLOOKUP(A172,'Tüm - Sektör'!$A:$H,13,0) -> #REF! | N172: =VLOOKUP(A172,'Tüm - Sektör'!$A:$H,14,0) -> #REF! | O172: =VLOOKUP(A172,'Tüm - Sektör'!$A:$H,15,0) -> #REF! | P172: =VLOOKUP(A172,'Tüm - Sektör'!$A:$H,16,0) -> #REF! | Q172: =E172*G172/100 -> 39.263053 | R172: =IF(OR(H172="", H173="", Q172=0), "", IF(H172<H173, (H173-H172)/H172, "")) | S172: 39.186142 | T172: =S172-Q172 -> -0.076910975 | V172: =IFERROR(VLOOKUP(LEFT(U173,FIND(" ",U173)-1),'BTA Tarama'!$A:$K,11,0),"") | X172: =IF(COUNTIF('Yıldız Liste'!A:A, A172)>0, "Yıldız Pazar", IF(COUNTIF('Ana Pazar Liste'!A:A, A172)>0, "Ana Pazar", IF(COUNTIF('Alt Pazar Liste'!A:A, A172)>0, "Alt Pazar", ""))) -> Ana Pazar
A173: MAKTK | B173: Metal Esya,Makine,Elektrikli Cihazlar,Ulasım Araç | C173: 1864832744 | D173: 200000000 | E173: =VLOOKUP(A173,'Tüm - Sektör'!$A:$H,5,0) -> 37.823628 | F173: =VLOOKUP(A173,'Tüm - Sektör'!$A:$H,6,0) -> 18.911814 | G173: =VLOOKUP(A173,'Tüm - Sektör'!$A:$H,7,0) -> 104.51691 | H173: 10.12 | I173: =VLOOKUP(A173,'Tüm - Sektör'!$A:$H,9,0) -> #REF! | J173: =VLOOKUP(A173,'Tüm - Sektör'!$A:$H,10,0) -> #REF! | K173: =VLOOKUP(A173,'Tüm - Sektör'!$A:$H,11,0) -> #REF! | L173: =VLOOKUP(A173,'Tüm - Sektör'!$A:$H,12,0) -> #REF! | M173: =VLOOKUP(A173,'Tüm - Sektör'!$A:$H,13,0) -> #REF! | N173: =VLOOKUP(A173,'Tüm - Sektör'!$A:$H,14,0) -> #REF! | O173: =VLOOKUP(A173,'Tüm - Sektör'!$A:$H,15,0) -> #REF! | P173: =VLOOKUP(A173,'Tüm - Sektör'!$A:$H,16,0) -> #REF! | Q173: =E173*G173/100 -> 39.532087 | R173: =IF(OR(H173="", H174="", Q173=0), "", IF(H173<H174, (H174-H173)/H173, "")) | S173: 37.31947 | T173: =S173-Q173 -> -2.2126168 | V173: =IFERROR(VLOOKUP(LEFT(U174,FIND(" ",U174)-1),'BTA Tarama'!$A:$K,11,0),"") | X173: =IF(COUNTIF('Yıldız Liste'!A:A, A173)>0, "Yıldız Pazar", IF(COUNTIF('Ana Pazar Liste'!A:A, A173)>0, "Ana Pazar", IF(COUNTIF('Alt Pazar Liste'!A:A, A173)>0, "Alt Pazar", ""))) -> Ana Pazar
A174: KONKA | B174: Kağıt, Kağıt Ürünleri Basım | C174: 8818140480 | D174: 390000000 | E174: =VLOOKUP(A174,'Tüm - Sektör'!$A:$H,5,0) -> 54.686155 | F174: =VLOOKUP(A174,'Tüm - Sektör'!$A:$H,6,0) -> 12.747355 | G174: =VLOOKUP(A174,'Tüm - Sektör'!$A:$H,7,0) -> 74.35284 | H174: 9.84 | I174: =VLOOKUP(A174,'Tüm - Sektör'!$A:$H,9,0) -> #REF! | J174: =VLOOKUP(A174,'Tüm - Sektör'!$A:$H,10,0) -> #REF! | K174: =VLOOKUP(A174,'Tüm - Sektör'!$A:$H,11,0) -> #REF! | L174: =VLOOKUP(A174,'Tüm - Sektör'!$A:$H,12,0) -> #REF! | M174: =VLOOKUP(A174,'Tüm - Sektör'!$A:$H,13,0) -> #REF! | N174: =VLOOKUP(A174,'Tüm - Sektör'!$A:$H,14,0) -> #REF! | O174: =VLOOKUP(A174,'Tüm - Sektör'!$A:$H,15,0) -> #REF! | P174: =VLOOKUP(A174,'Tüm - Sektör'!$A:$H,16,0) -> #REF! | Q174: =E174*G174/100 -> 40.660709 | R174: =IF(OR(H174="", H175="", Q174=0), "", IF(H174<H175, (H175-H174)/H174, "")) | S174: 39.45773 | T174: =S174-Q174 -> -1.2029796 | V174: =IFERROR(VLOOKUP(LEFT(U175,FIND(" ",U175)-1),'BTA Tarama'!$A:$K,11,0),"") | X174: =IF(COUNTIF('Yıldız Liste'!A:A, A174)>0, "Yıldız Pazar", IF(COUNTIF('Ana Pazar Liste'!A:A, A174)>0, "Ana Pazar", IF(COUNTIF('Alt Pazar Liste'!A:A, A174)>0, "Alt Pazar", ""))) -> Ana Pazar
A175: GENKM | B175: Kimya , İlaç , Petrol , Lastik ve Plastik Ürünler | C175: 6697968298 | D175: 609000000 | E175: =VLOOKUP(A175,'Tüm - Sektör'!$A:$H,5,0) -> 33.031978 | F175: =VLOOKUP(A175,'Tüm - Sektör'!$A:$H,6,0) -> 5.4239701 | G175: =VLOOKUP(A175,'Tüm - Sektör'!$A:$H,7,0) -> 123.57045 | H175: 9.8 | I175: =VLOOKUP(A175,'Tüm - Sektör'!$A:$H,9,0) -> #REF! | J175: =VLOOKUP(A175,'Tüm - Sektör'!$A:$H,10,0) -> #REF! | K175: =VLOOKUP(A175,'Tüm - Sektör'!$A:$H,11,0) -> #REF! | L175: =VLOOKUP(A175,'Tüm - Sektör'!$A:$H,12,0) -> #REF! | M175: =VLOOKUP(A175,'Tüm - Sektör'!$A:$H,13,0) -> #REF! | N175: =VLOOKUP(A175,'Tüm - Sektör'!$A:$H,14,0) -> #REF! | O175: =VLOOKUP(A175,'Tüm - Sektör'!$A:$H,15,0) -> #REF! | P175: =VLOOKUP(A175,'Tüm - Sektör'!$A:$H,16,0) -> #REF! | Q175: =E175*G175/100 -> 40.817762 | R175: =IF(OR(H175="", H176="", Q175=0), "", IF(H175<H176, (H176-H175)/H175, "")) | S175: 40.323999 | T175: =S175-Q175 -> -0.49376325 | V175: =IFERROR(VLOOKUP(LEFT(U176,FIND(" ",U176)-1),'BTA Tarama'!$A:$K,11,0),"") | X175: =IF(COUNTIF('Yıldız Liste'!A:A, A175)>0, "Yıldız Pazar", IF(COUNTIF('Ana Pazar Liste'!A:A, A175)>0, "Ana Pazar", IF(COUNTIF('Alt Pazar Liste'!A:A, A175)>0, "Alt Pazar", ""))) -> Ana Pazar
A176: DESA | B176: Tekstil , Giyim Esyası ve Deri | C176: 4342116936 | D176: 490000000 | E176: =VLOOKUP(A176,'Tüm - Sektör'!$A:$H,5,0) -> 47.198836 | F176: =VLOOKUP(A176,'Tüm - Sektör'!$A:$H,6,0) -> 9.6324156 | G176: =VLOOKUP(A176,'Tüm - Sektör'!$A:$H,7,0) -> 88.016212 | H176: 9.63 | I176: =VLOOKUP(A176,'Tüm - Sektör'!$A:$H,9,0) -> #REF! | J176: =VLOOKUP(A176,'Tüm - Sektör'!$A:$H,10,0) -> #REF! | K176: =VLOOKUP(A176,'Tüm - Sektör'!$A:$H,11,0) -> #REF! | L176: =VLOOKUP(A176,'Tüm - Sektör'!$A:$H,12,0) -> #REF! | M176: =VLOOKUP(A176,'Tüm - Sektör'!$A:$H,13,0) -> #REF! | N176: =VLOOKUP(A176,'Tüm - Sektör'!$A:$H,14,0) -> #REF! | O176: =VLOOKUP(A176,'Tüm - Sektör'!$A:$H,15,0) -> #REF! | P176: =VLOOKUP(A176,'Tüm - Sektör'!$A:$H,16,0) -> #REF! | Q176: =E176*G176/100 -> 41.542628 | R176: =IF(OR(H176="", H177="", Q176=0), "", IF(H176<H177, (H177-H176)/H176, "")) | S176: 40.045596 | T176: =S176-Q176 -> -1.4970316 | V176: =IFERROR(VLOOKUP(LEFT(U177,FIND(" ",U177)-1),'BTA Tarama'!$A:$K,11,0),"") | X176: =IF(COUNTIF('Yıldız Liste'!A:A, A176)>0, "Yıldız Pazar", IF(COUNTIF('Ana Pazar Liste'!A:A, A176)>0, "Ana Pazar", IF(COUNTIF('Alt Pazar Liste'!A:A, A176)>0, "Alt Pazar", ""))) -> Ana Pazar
A177: KRSTL | B177: Gıda , İçecek ve Tütün | C177: 1994719643 | D177: 192000000 | E177: =VLOOKUP(A177,'Tüm - Sektör'!$A:$H,5,0) -> 25.496176 | F177: =VLOOKUP(A177,'Tüm - Sektör'!$A:$H,6,0) -> 14.754731 | G177: =VLOOKUP(A177,'Tüm - Sektör'!$A:$H,7,0) -> 171.66612 | H177: 9.14 | I177: =VLOOKUP(A177,'Tüm - Sektör'!$A:$H,9,0) -> #REF! | J177: =VLOOKUP(A177,'Tüm - Sektör'!$A:$H,10,0) -> #REF! | K177: =VLOOKUP(A177,'Tüm - Sektör'!$A:$H,11,0) -> #REF! | L177: =VLOOKUP(A177,'Tüm - Sektör'!$A:$H,12,0) -> #REF! | M177: =VLOOKUP(A177,'Tüm - Sektör'!$A:$H,13,0) -> #REF! | N177: =VLOOKUP(A177,'Tüm - Sektör'!$A:$H,14,0) -> #REF! | O177: =VLOOKUP(A177,'Tüm - Sektör'!$A:$H,15,0) -> #REF! | P177: =VLOOKUP(A177,'Tüm - Sektör'!$A:$H,16,0) -> #REF! | Q177: =E177*G177/100 -> 43.768297 | R177: =IF(OR(H177="", H178="", Q177=0), "", IF(H177<H178, (H178-H177)/H177, "")) | S177: 43.816236 | T177: =S177-Q177 -> 0.047938989 | V177: =IFERROR(VLOOKUP(LEFT(U178,FIND(" ",U178)-1),'BTA Tarama'!$A:$K,11,0),"") | X177: =IF(COUNTIF('Yıldız Liste'!A:A, A177)>0, "Yıldız Pazar", IF(COUNTIF('Ana Pazar Liste'!A:A, A177)>0, "Ana Pazar", IF(COUNTIF('Alt Pazar Liste'!A:A, A177)>0, "Alt Pazar", ""))) -> Ana Pazar
A178: ANGEN | B178: Kimya , İlaç , Petrol , Lastik ve Plastik Ürünler | C178: 1748599456 | D178: 220000000 | E178: =VLOOKUP(A178,'Tüm - Sektör'!$A:$H,5,0) -> 57.128963 | F178: =VLOOKUP(A178,'Tüm - Sektör'!$A:$H,6,0) -> 28.853012 | G178: =VLOOKUP(A178,'Tüm - Sektör'!$A:$H,7,0) -> 78.150914 | H178: 8.96 | I178: =VLOOKUP(A178,'Tüm - Sektör'!$A:$H,9,0) -> #REF! | J178: =VLOOKUP(A178,'Tüm - Sektör'!$A:$H,10,0) -> #REF! | K178: =VLOOKUP(A178,'Tüm - Sektör'!$A:$H,11,0) -> #REF! | L178: =VLOOKUP(A178,'Tüm - Sektör'!$A:$H,12,0) -> #REF! | M178: =VLOOKUP(A178,'Tüm - Sektör'!$A:$H,13,0) -> #REF! | N178: =VLOOKUP(A178,'Tüm - Sektör'!$A:$H,14,0) -> #REF! | O178: =VLOOKUP(A178,'Tüm - Sektör'!$A:$H,15,0) -> #REF! | P178: =VLOOKUP(A178,'Tüm - Sektör'!$A:$H,16,0) -> #REF! | Q178: =E178*G178/100 -> 44.646807 | R178: =IF(OR(H178="", H179="", Q178=0), "", IF(H178<H179, (H179-H178)/H178, "")) | S178: 44.399045 | T178: =S178-Q178 -> -0.24776253 | V178: =IFERROR(VLOOKUP(LEFT(U179,FIND(" ",U179)-1),'BTA Tarama'!$A:$K,11,0),"") | X178: =IF(COUNTIF('Yıldız Liste'!A:A, A178)>0, "Yıldız Pazar", IF(COUNTIF('Ana Pazar Liste'!A:A, A178)>0, "Ana Pazar", IF(COUNTIF('Alt Pazar Liste'!A:A, A178)>0, "Alt Pazar", ""))) -> Ana Pazar
A179: PENGD | B179: Gıda , İçecek ve Tütün | C179: 4675184543 | D179: 175000000 | E179: =VLOOKUP(A179,'Tüm - Sektör'!$A:$H,5,0) -> 33.244867 | F179: =VLOOKUP(A179,'Tüm - Sektör'!$A:$H,6,0) -> 21.107852 | G179: =VLOOKUP(A179,'Tüm - Sektör'!$A:$H,7,0) -> 134.44487 | H179: 8.95 | I179: =VLOOKUP(A179,'Tüm - Sektör'!$A:$H,9,0) -> #REF! | J179: =VLOOKUP(A179,'Tüm - Sektör'!$A:$H,10,0) -> #REF! | K179: =VLOOKUP(A179,'Tüm - Sektör'!$A:$H,11,0) -> #REF! | L179: =VLOOKUP(A179,'Tüm - Sektör'!$A:$H,12,0) -> #REF! | M179: =VLOOKUP(A179,'Tüm - Sektör'!$A:$H,13,0) -> #REF! | N179: =VLOOKUP(A179,'Tüm - Sektör'!$A:$H,14,0) -> #REF! | O179: =VLOOKUP(A179,'Tüm - Sektör'!$A:$H,15,0) -> #REF! | P179: =VLOOKUP(A179,'Tüm - Sektör'!$A:$H,16,0) -> #REF! | Q179: =E179*G179/100 -> 44.696018 | R179: =IF(OR(H179="", H180="", Q179=0), "", IF(H179<H180, (H180-H179)/H179, "")) | S179: 44.30004 | T179: =S179-Q179 -> -0.39597801 | V179: =IFERROR(VLOOKUP(LEFT(U180,FIND(" ",U180)-1),'BTA Tarama'!$A:$K,11,0),"") | X179: =IF(COUNTIF('Yıldız Liste'!A:A, A179)>0, "Yıldız Pazar", IF(COUNTIF('Ana Pazar Liste'!A:A, A179)>0, "Ana Pazar", IF(COUNTIF('Alt Pazar Liste'!A:A, A179)>0, "Alt Pazar", ""))) -> Ana Pazar
A180: NUGYO | B180: Gayrimenkul Yatırım Ortaklıkları | C180: 6825401407 | D180: 335348000 | E180: =VLOOKUP(A180,'Tüm - Sektör'!$A:$H,5,0) -> 27.001012 | F180: =VLOOKUP(A180,'Tüm - Sektör'!$A:$H,6,0) -> 8.9462662 | G180: =VLOOKUP(A180,'Tüm - Sektör'!$A:$H,7,0) -> 166.28657 | H180: 8.91 | I180: =VLOOKUP(A180,'Tüm - Sektör'!$A:$H,9,0) -> #REF! | J180: =VLOOKUP(A180,'Tüm - Sektör'!$A:$H,10,0) -> #REF! | K180: =VLOOKUP(A180,'Tüm - Sektör'!$A:$H,11,0) -> #REF! | L180: =VLOOKUP(A180,'Tüm - Sektör'!$A:$H,12,0) -> #REF! | M180: =VLOOKUP(A180,'Tüm - Sektör'!$A:$H,13,0) -> #REF! | N180: =VLOOKUP(A180,'Tüm - Sektör'!$A:$H,14,0) -> #REF! | O180: =VLOOKUP(A180,'Tüm - Sektör'!$A:$H,15,0) -> #REF! | P180: =VLOOKUP(A180,'Tüm - Sektör'!$A:$H,16,0) -> #REF! | Q180: =E180*G180/100 -> 44.899056 | R180: =IF(OR(H180="", H181="", Q180=0), "", IF(H180<H181, (H181-H180)/H180, "")) | S180: 44.748388 | T180: =S180-Q180 -> -0.15066797 | V180: =IFERROR(VLOOKUP(LEFT(U181,FIND(" ",U181)-1),'BTA Tarama'!$A:$K,11,0),"") | X180: =IF(COUNTIF('Yıldız Liste'!A:A, A180)>0, "Yıldız Pazar", IF(COUNTIF('Ana Pazar Liste'!A:A, A180)>0, "Ana Pazar", IF(COUNTIF('Alt Pazar Liste'!A:A, A180)>0, "Alt Pazar", ""))) -> Ana Pazar
A181: CEMTS | B181: Ana Metal Sanayi | C181: 6764257574 | D181: 500000000 | E181: =VLOOKUP(A181,'Tüm - Sektör'!$A:$H,5,0) -> 23.373463 | F181: =VLOOKUP(A181,'Tüm - Sektör'!$A:$H,6,0) -> 5.8433657 | G181: =VLOOKUP(A181,'Tüm - Sektör'!$A:$H,7,0) -> 194.2879 | H181: 8.81 | I181: =VLOOKUP(A181,'Tüm - Sektör'!$A:$H,9,0) -> #REF! | J181: =VLOOKUP(A181,'Tüm - Sektör'!$A:$H,10,0) -> #REF! | K181: =VLOOKUP(A181,'Tüm - Sektör'!$A:$H,11,0) -> #REF! | L181: =VLOOKUP(A181,'Tüm - Sektör'!$A:$H,12,0) -> #REF! | M181: =VLOOKUP(A181,'Tüm - Sektör'!$A:$H,13,0) -> #REF! | N181: =VLOOKUP(A181,'Tüm - Sektör'!$A:$H,14,0) -> #REF! | O181: =VLOOKUP(A181,'Tüm - Sektör'!$A:$H,15,0) -> #REF! | P181: =VLOOKUP(A181,'Tüm - Sektör'!$A:$H,16,0) -> #REF! | Q181: =E181*G181/100 -> 45.41181 | R181: =IF(OR(H181="", H182="", Q181=0), "", IF(H181<H182, (H182-H181)/H181, "")) | S181: 45.723205 | T181: =S181-Q181 -> 0.31139527 | V181: =IFERROR(VLOOKUP(LEFT(U182,FIND(" ",U182)-1),'BTA Tarama'!$A:$K,11,0),"") | X181: =IF(COUNTIF('Yıldız Liste'!A:A, A181)>0, "Yıldız Pazar", IF(COUNTIF('Ana Pazar Liste'!A:A, A181)>0, "Ana Pazar", IF(COUNTIF('Alt Pazar Liste'!A:A, A181)>0, "Alt Pazar", ""))) -> Ana Pazar
... A263: ADESE | B263: Gayrimenkul Faaliyetleri | C263: 13894759000 | D263: 5040000000 | E263: =VLOOKUP(A263,'Tüm - Sektör'!$A:$H,5,0) -> 10.057161 | F263: =VLOOKUP(A263,'Tüm - Sektör'!$A:$H,6,0) -> 2.2936419 | G263: =VLOOKUP(A263,'Tüm - Sektör'!$A:$H,7,0) -> 4679.5979 | H263: 0.85 | I263: =VLOOKUP(A263,'Tüm - Sektör'!$A:$H,9,0) -> #REF! | J263: =VLOOKUP(A263,'Tüm - Sektör'!$A:$H,10,0) -> #REF! | K263: =VLOOKUP(A263,'Tüm - Sektör'!$A:$H,11,0) -> #REF! | L263: =VLOOKUP(A263,'Tüm - Sektör'!$A:$H,12,0) -> #REF! | M263: =VLOOKUP(A263,'Tüm - Sektör'!$A:$H,13,0) -> #REF! | N263: =VLOOKUP(A263,'Tüm - Sektör'!$A:$H,14,0) -> #REF! | O263: =VLOOKUP(A263,'Tüm - Sektör'!$A:$H,15,0) -> #REF! | P263: =VLOOKUP(A263,'Tüm - Sektör'!$A:$H,16,0) -> #REF! | Q263: =E263*G263/100 -> 470.63469 | R263: =IF(OR(H263="", H264="", Q263=0), "", IF(H263<H264, (H264-H263)/H263, "")) | S263: 470.63469 | T263: =S263-Q263 -> 0 | V263: =IFERROR(VLOOKUP(LEFT(U264,FIND(" ",U264)-1),'BTA Tarama'!$A:$K,11,0),"") | X263: =IF(COUNTIF('Yıldız Liste'!A:A, A263)>0, "Yıldız Pazar", IF(COUNTIF('Ana Pazar Liste'!A:A, A263)>0, "Ana Pazar", IF(COUNTIF('Alt Pazar Liste'!A:A, A263)>0, "Alt Pazar", ""))) -> Ana Pazar
A264: YILDIZ PAZAR | Q264: =E264*G264/100 -> 0 | R264: =IF(OR(H264="", H265="", Q264=0), "", IF(H264<H265, (H265-H264)/H264, "")) | S264: 0 | T264: =S264-Q264 -> 0 | V264: =IFERROR(VLOOKUP(LEFT(U265,FIND(" ",U265)-1),'BTA Tarama'!$A:$K,11,0),"") | X264: =IF(COUNTIF('Yıldız Liste'!A:A, A264)>0, "Yıldız Pazar", IF(COUNTIF('Ana Pazar Liste'!A:A, A264)>0, "Ana Pazar", IF(COUNTIF('Alt Pazar Liste'!A:A, A264)>0, "Alt Pazar", "")))
A265: AGESA | B265: Sigorta Sirketleri | C265: 9873476457 | D265: 180000000 | E265: =VLOOKUP(A265,'Tüm - Sektör'!$A:$H,5,0) -> 0 | F265: =VLOOKUP(A265,'Tüm - Sektör'!$A:$H,6,0) -> 0 | G265: =VLOOKUP(A265,'Tüm - Sektör'!$A:$H,7,0) -> 35.803427 | H265: 264.5 | I265: =VLOOKUP(A265,'Tüm - Sektör'!$A:$H,9,0) -> #REF! | J265: =VLOOKUP(A265,'Tüm - Sektör'!$A:$H,10,0) -> #REF! | K265: =VLOOKUP(A265,'Tüm - Sektör'!$A:$H,11,0) -> #REF! | L265: =VLOOKUP(A265,'Tüm - Sektör'!$A:$H,12,0) -> #REF! | M265: =VLOOKUP(A265,'Tüm - Sektör'!$A:$H,13,0) -> #REF! | N265: =VLOOKUP(A265,'Tüm - Sektör'!$A:$H,14,0) -> #REF! | O265: =VLOOKUP(A265,'Tüm - Sektör'!$A:$H,15,0) -> #REF! | P265: =VLOOKUP(A265,'Tüm - Sektör'!$A:$H,16,0) -> #REF! | Q265: =E265*G265/100 -> 0 | R265: =IF(OR(H265="", H266="", Q265=0), "", IF(H265<H266, (H266-H265)/H265, "")) | S265: 0 | T265: =S265-Q265 -> 0 | V265: =IFERROR(VLOOKUP(LEFT(U266,FIND(" ",U266)-1),'BTA Tarama'!$A:$K,11,0),"") | X265: =IF(COUNTIF('Yıldız Liste'!A:A, A265)>0, "Yıldız Pazar", IF(COUNTIF('Ana Pazar Liste'!A:A, A265)>0, "Ana Pazar", IF(COUNTIF('Alt Pazar Liste'!A:A, A265)>0, "Alt Pazar", ""))) -> Yıldız Pazar
A266: ANHYT | B266: Sigorta Sirketleri | C266: 10599111966 | D266: 430000000 | E266: =VLOOKUP(A266,'Tüm - Sektör'!$A:$H,5,0) -> 0 | F266: =VLOOKUP(A266,'Tüm - Sektör'!$A:$H,6,0) -> 0 | G266: =VLOOKUP(A266,'Tüm - Sektör'!$A:$H,7,0) -> 64.744271 | H266: 104.7 | I266: =VLOOKUP(A266,'Tüm - Sektör'!$A:$H,9,0) -> #REF! | J266: =VLOOKUP(A266,'Tüm - Sektör'!$A:$H,10,0) -> #REF! | K266: =VLOOKUP(A266,'Tüm - Sektör'!$A:$H,11,0) -> #REF! | L266: =VLOOKUP(A266,'Tüm - Sektör'!$A:$H,12,0) -> #REF! | M266: =VLOOKUP(A266,'Tüm - Sektör'!$A:$H,13,0) -> #REF! | N266: =VLOOKUP(A266,'Tüm - Sektör'!$A:$H,14,0) -> #REF! | O266: =VLOOKUP(A266,'Tüm - Sektör'!$A:$H,15,0) -> #REF! | P266: =VLOOKUP(A266,'Tüm - Sektör'!$A:$H,16,0) -> #REF! | Q266: =E266*G266/100 -> 0 | R266: =IF(OR(H266="", H267="", Q266=0), "", IF(H266<H267, (H267-H266)/H266, "")) | S266: 0 | T266: =S266-Q266 -> 0 | V266: =IFERROR(VLOOKUP(LEFT(U267,FIND(" ",U267)-1),'BTA Tarama'!$A:$K,11,0),"") | X266: =IF(COUNTIF('Yıldız Liste'!A:A, A266)>0, "Yıldız Pazar", IF(COUNTIF('Ana Pazar Liste'!A:A, A266)>0, "Ana Pazar", IF(COUNTIF('Alt Pazar Liste'!A:A, A266)>0, "Alt Pazar", ""))) -> Yıldız Pazar
A267: ANSGR | B267: Sigorta Sirketleri | C267: 42341944595 | D267: 2000000000 | E267: =VLOOKUP(A267,'Tüm - Sektör'!$A:$H,5,0) -> 0 | F267: =VLOOKUP(A267,'Tüm - Sektör'!$A:$H,6,0) -> 0 | G267: =VLOOKUP(A267,'Tüm - Sektör'!$A:$H,7,0) -> 694.73875 | H267: 26.86 | I267: =VLOOKUP(A267,'Tüm - Sektör'!$A:$H,9,0) -> #REF! | J267: =VLOOKUP(A267,'Tüm - Sektör'!$A:$H,10,0) -> #REF! | K267: =VLOOKUP(A267,'Tüm - Sektör'!$A:$H,11,0) -> #REF! | L267: =VLOOKUP(A267,'Tüm - Sektör'!$A:$H,12,0) -> #REF! | M267: =VLOOKUP(A267,'Tüm - Sektör'!$A:$H,13,0) -> #REF! | N267: =VLOOKUP(A267,'Tüm - Sektör'!$A:$H,14,0) -> #REF! | O267: =VLOOKUP(A267,'Tüm - Sektör'!$A:$H,15,0) -> #REF! | P267: =VLOOKUP(A267,'Tüm - Sektör'!$A:$H,16,0) -> #REF! | Q267: =E267*G267/100 -> 0 | R267: =IF(OR(H267="", H268="", Q267=0), "", IF(H267<H268, (H268-H267)/H267, "")) | S267: 0 | T267: =S267-Q267 -> 0 | V267: =IFERROR(VLOOKUP(LEFT(U268,FIND(" ",U268)-1),'BTA Tarama'!$A:$K,11,0),"") | X267: =IF(COUNTIF('Yıldız Liste'!A:A, A267)>0, "Yıldız Pazar", IF(COUNTIF('Ana Pazar Liste'!A:A, A267)>0, "Ana Pazar", IF(COUNTIF('Alt Pazar Liste'!A:A, A267)>0, "Alt Pazar", ""))) -> Yıldız Pazar
A268: AKGRT | B268: Sigorta Sirketleri | C268: 7810665698 | D268: 1612000000 | E268: =VLOOKUP(A268,'Tüm - Sektör'!$A:$H,5,0) -> 0 | F268: =VLOOKUP(A268,'Tüm - Sektör'!$A:$H,6,0) -> 0 | G268: =VLOOKUP(A268,'Tüm - Sektör'!$A:$H,7,0) -> 451.23491 | H268: 6.17 | I268: =VLOOKUP(A268,'Tüm - Sektör'!$A:$H,9,0) -> #REF! | J268: =VLOOKUP(A268,'Tüm - Sektör'!$A:$H,10,0) -> #REF! | K268: =VLOOKUP(A268,'Tüm - Sektör'!$A:$H,11,0) -> #REF! | L268: =VLOOKUP(A268,'Tüm - Sektör'!$A:$H,12,0) -> #REF! | M268: =VLOOKUP(A268,'Tüm - Sektör'!$A:$H,13,0) -> #REF! | N268: =VLOOKUP(A268,'Tüm - Sektör'!$A:$H,14,0) -> #REF! | O268: =VLOOKUP(A268,'Tüm - Sektör'!$A:$H,15,0) -> #REF! | P268: =VLOOKUP(A268,'Tüm - Sektör'!$A:$H,16,0) -> #REF! | Q268: =E268*G268/100 -> 0 | R268: =IF(OR(H268="", H269="", Q268=0), "", IF(H268<H269, (H269-H268)/H268, "")) | S268: 0 | T268: =S268-Q268 -> 0 | V268: =IFERROR(VLOOKUP(LEFT(U269,FIND(" ",U269)-1),'BTA Tarama'!$A:$K,11,0),"") | X268: =IF(COUNTIF('Yıldız Liste'!A:A, A268)>0, "Yıldız Pazar", IF(COUNTIF('Ana Pazar Liste'!A:A, A268)>0, "Ana Pazar", IF(COUNTIF('Alt Pazar Liste'!A:A, A268)>0, "Alt Pazar", ""))) -> Yıldız Pazar
A269: TURSG | B269: Sigorta Sirketleri | C269: 56688920441 | D269: 20000000000 | E269: =VLOOKUP(A269,'Tüm - Sektör'!$A:$H,5,0) -> 0 | F269: =VLOOKUP(A269,'Tüm - Sektör'!$A:$H,6,0) -> 0 | G269: =VLOOKUP(A269,'Tüm - Sektör'!$A:$H,7,0) -> 4648.4724 | H269: 6.1 | I269: =VLOOKUP(A269,'Tüm - Sektör'!$A:$H,9,0) -> #REF! | J269: =VLOOKUP(A269,'Tüm - Sektör'!$A:$H,10,0) -> #REF! | K269: =VLOOKUP(A269,'Tüm - Sektör'!$A:$H,11,0) -> #REF! | L269: =VLOOKUP(A269,'Tüm - Sektör'!$A:$H,12,0) -> #REF! | M269: =VLOOKUP(A269,'Tüm - Sektör'!$A:$H,13,0) -> #REF! | N269: =VLOOKUP(A269,'Tüm - Sektör'!$A:$H,14,0) -> #REF! | O269: =VLOOKUP(A269,'Tüm - Sektör'!$A:$H,15,0) -> #REF! | P269: =VLOOKUP(A269,'Tüm - Sektör'!$A:$H,16,0) -> #REF! | Q269: =E269*G269/100 -> 0 | R269: =IF(OR(H269="", H270="", Q269=0), "", IF(H269<H270, (H270-H269)/H269, "")) | S269: 0 | T269: =S269-Q269 -> 0 | V269: =IFERROR(VLOOKUP(LEFT(U270,FIND(" ",U270)-1),'BTA Tarama'!$A:$K,11,0),"") | X269: =IF(COUNTIF('Yıldız Liste'!A:A, A269)>0, "Yıldız Pazar", IF(COUNTIF('Ana Pazar Liste'!A:A, A269)>0, "Ana Pazar", IF(COUNTIF('Alt Pazar Liste'!A:A, A269)>0, "Alt Pazar", ""))) -> Yıldız Pazar
A270: ALBRK | B270: Bankalar | C270: 1357332842 | D270: 535000000 | E270: =VLOOKUP(A270,'Tüm - Sektör'!$A:$H,5,0) -> 0 | F270: =VLOOKUP(A270,'Tüm - Sektör'!$A:$H,6,0) -> 0 | G270: =VLOOKUP(A270,'Tüm - Sektör'!$A:$H,7,0) -> 1007.1691 | H270: 8.68 | I270: =VLOOKUP(A270,'Tüm - Sektör'!$A:$H,9,0) -> #REF! | J270: =VLOOKUP(A270,'Tüm - Sektör'!$A:$H,10,0) -> #REF! | K270: =VLOOKUP(A270,'Tüm - Sektör'!$A:$H,11,0) -> #REF! | L270: =VLOOKUP(A270,'Tüm - Sektör'!$A:$H,12,0) -> #REF! | M270: =VLOOKUP(A270,'Tüm - Sektör'!$A:$H,13,0) -> #REF! | N270: =VLOOKUP(A270,'Tüm - Sektör'!$A:$H,14,0) -> #REF! | O270: =VLOOKUP(A270,'Tüm - Sektör'!$A:$H,15,0) -> #REF! | P270: =VLOOKUP(A270,'Tüm - Sektör'!$A:$H,16,0) -> #REF! | Q270: =E270*G270/100 -> 0 | R270: =IF(OR(H270="", H271="", Q270=0), "", IF(H270<H271, (H271-H270)/H270, "")) | S270: 0 | T270: =S270-Q270 -> 0 | V270: =IFERROR(VLOOKUP(LEFT(U271,FIND(" ",U271)-1),'BTA Tarama'!$A:$K,11,0),"") | X270: =IF(COUNTIF('Yıldız Liste'!A:A, A270)>0, "Yıldız Pazar", IF(COUNTIF('Ana Pazar Liste'!A:A, A270)>0, "Ana Pazar", IF(COUNTIF('Alt Pazar Liste'!A:A, A270)>0, "Alt Pazar", ""))) -> Yıldız Pazar
A271: ZOREN | B271: Perakende Ticaret | C271: 1357332842 | D271: 535000000 | E271: =VLOOKUP(A271,'Tüm - Sektör'!$A:$H,5,0) -> 0 | F271: =VLOOKUP(A271,'Tüm - Sektör'!$A:$H,6,0) -> 0 | G271: =VLOOKUP(A271,'Tüm - Sektör'!$A:$H,7,0) -> 0 | H271: 2.31 | I271: =VLOOKUP(A271,'Tüm - Sektör'!$A:$H,9,0) -> #REF! | J271: =VLOOKUP(A271,'Tüm - Sektör'!$A:$H,10,0) -> #REF! | K271: =VLOOKUP(A271,'Tüm - Sektör'!$A:$H,11,0) -> #REF! | L271: =VLOOKUP(A271,'Tüm - Sektör'!$A:$H,12,0) -> #REF! | M271: =VLOOKUP(A271,'Tüm - Sektör'!$A:$H,13,0) -> #REF! | N271: =VLOOKUP(A271,'Tüm - Sektör'!$A:$H,14,0) -> #REF! | O271: =VLOOKUP(A271,'Tüm - Sektör'!$A:$H,15,0) -> #REF! | P271: =VLOOKUP(A271,'Tüm - Sektör'!$A:$H,16,0) -> #REF! | Q271: =E271*G271/100 -> 0 | R271: =IF(OR(H271="", H272="", Q271=0), "", IF(H271<H272, (H272-H271)/H271, "")) | S271: 0 | T271: 0 | V271: =IFERROR(VLOOKUP(LEFT(U272,FIND(" ",U272)-1),'BTA Tarama'!$A:$K,11,0),"") | X271: =IF(COUNTIF('Yıldız Liste'!A:A, A271)>0, "Yıldız Pazar", IF(COUNTIF('Ana Pazar Liste'!A:A, A271)>0, "Ana Pazar", IF(COUNTIF('Alt Pazar Liste'!A:A, A271)>0, "Alt Pazar", ""))) -> Yıldız Pazar
A272: POLTK | B272: Kimya , İlaç , Petrol , Lastik ve Plastik Ürünler | C272: 336306420 | D272: 3750000 | E272: =VLOOKUP(A272,'Tüm - Sektör'!$A:$H,5,0) -> 13.104931 | F272: =VLOOKUP(A272,'Tüm - Sektör'!$A:$H,6,0) -> 0.81841878 | G272: =VLOOKUP(A272,'Tüm - Sektör'!$A:$H,7,0) -> 0.000739578 | H272: 4127.5 | I272: =VLOOKUP(A272,'Tüm - Sektör'!$A:$H,9,0) -> #REF! | J272: =VLOOKUP(A272,'Tüm - Sektör'!$A:$H,10,0) -> #REF! | K272: =VLOOKUP(A272,'Tüm - Sektör'!$A:$H,11,0) -> #REF! | L272: =VLOOKUP(A272,'Tüm - Sektör'!$A:$H,12,0) -> #REF! | M272: =VLOOKUP(A272,'Tüm - Sektör'!$A:$H,13,0) -> #REF! | N272: =VLOOKUP(A272,'Tüm - Sektör'!$A:$H,14,0) -> #REF! | O272: =VLOOKUP(A272,'Tüm - Sektör'!$A:$H,15,0) -> #REF! | P272: =VLOOKUP(A272,'Tüm - Sektör'!$A:$H,16,0) -> #REF! | Q272: =E272*G272/100 -> 9.6921185e-05 | R272: =IF(OR(H272="", H273="", Q272=0), "", IF(H272<H273, (H273-H272)/H272, "")) | S272: 9.5475463e-05 | T272: =S272-Q272 -> -1.4457217e-06 | V272: =IFERROR(VLOOKUP(LEFT(U273,FIND(" ",U273)-1),'BTA Tarama'!$A:$K,11,0),"") | X272: =IF(COUNTIF('Yıldız Liste'!A:A, A272)>0, "Yıldız Pazar", IF(COUNTIF('Ana Pazar Liste'!A:A, A272)>0, "Ana Pazar", IF(COUNTIF('Alt Pazar Liste'!A:A, A272)>0, "Alt Pazar", ""))) -> Yıldız Pazar
A273: KONYA | B273: Tas ve Toprağa Dayalı | C273: 4795702538 | D273: 4873440 | E273: =VLOOKUP(A273,'Tüm - Sektör'!$A:$H,5,0) -> 13.541915 | F273: =VLOOKUP(A273,'Tüm - Sektör'!$A:$H,6,0) -> 0.73375176 | G273: =VLOOKUP(A273,'Tüm - Sektör'!$A:$H,7,0) -> 0.000777393 | H273: 3800 | I273: =VLOOKUP(A273,'Tüm - Sektör'!$A:$H,9,0) -> #REF! | J273: =VLOOKUP(A273,'Tüm - Sektör'!$A:$H,10,0) -> #REF! | K273: =VLOOKUP(A273,'Tüm - Sektör'!$A:$H,11,0) -> #REF! | L273: =VLOOKUP(A273,'Tüm - Sektör'!$A:$H,12,0) -> #REF! | M273: =VLOOKUP(A273,'Tüm - Sektör'!$A:$H,13,0) -> #REF! | N273: =VLOOKUP(A273,'Tüm - Sektör'!$A:$H,14,0) -> #REF! | O273: =VLOOKUP(A273,'Tüm - Sektör'!$A:$H,15,0) -> #REF! | P273: =VLOOKUP(A273,'Tüm - Sektör'!$A:$H,16,0) -> #REF! | Q273: =E273*G273/100 -> 0.0001052739 | R273: =IF(OR(H273="", H274="", Q273=0), "", IF(H273<H274, (H274-H273)/H273, "")) -> 0.3125 | S273: 0.0001031033 | T273: =S273-Q273 -> -2.1705959e-06 | V273: =IFERROR(VLOOKUP(LEFT(U274,FIND(" ",U274)-1),'BTA Tarama'!$A:$K,11,0),"") | X273: =IF(COUNTIF('Yıldız Liste'!A:A, A273)>0, "Yıldız Pazar", IF(COUNTIF('Ana Pazar Liste'!A:A, A273)>0, "Ana Pazar", IF(COUNTIF('Alt Pazar Liste'!A:A, A273)>0, "Alt Pazar", ""))) -> Yıldız Pazar
A274: EGEEN | B274: Metal Esya,Makine,Elektrikli Cihazlar,Ulasım Araç | C274: 8450730000 | D274: 3150000 | E274: =VLOOKUP(A274,'Tüm - Sektör'!$A:$H,5,0) -> 7.082191 | F274: =VLOOKUP(A274,'Tüm - Sektör'!$A:$H,6,0) -> 0.4368204 | G274: =VLOOKUP(A274,'Tüm - Sektör'!$A:$H,7,0) -> 1.132597 | H274: 4987.5 | I274: =VLOOKUP(A274,'Tüm - Sektör'!$A:$H,9,0) -> #REF! | J274: =VLOOKUP(A274,'Tüm - Sektör'!$A:$H,10,0) -> #REF! | K274: =VLOOKUP(A274,'Tüm - Sektör'!$A:$H,11,0) -> #REF! | L274: =VLOOKUP(A274,'Tüm - Sektör'!$A:$H,12,0) -> #REF! | M274: =VLOOKUP(A274,'Tüm - Sektör'!$A:$H,13,0) -> #REF! | N274: =VLOOKUP(A274,'Tüm - Sektör'!$A:$H,14,0) -> #REF! | O274: =VLOOKUP(A274,'Tüm - Sektör'!$A:$H,15,0) -> #REF! | P274: =VLOOKUP(A274,'Tüm - Sektör'!$A:$H,16,0) -> #REF! | Q274: =E274*G274/100 -> 0.080212683 | R274: =IF(OR(H274="", H275="", Q274=0), "", IF(H274<H275, (H275-H274)/H274, "")) | S274: 0.078829705 | T274: =S274-Q274 -> -0.0013829773 | V274: =IFERROR(VLOOKUP(LEFT(U275,FIND(" ",U275)-1),'BTA Tarama'!$A:$K,11,0),"") | X274: =IF(COUNTIF('Yıldız Liste'!A:A, A274)>0, "Yıldız Pazar", IF(COUNTIF('Ana Pazar Liste'!A:A, A274)>0, "Ana Pazar", IF(COUNTIF('Alt Pazar Liste'!A:A, A274)>0, "Alt Pazar", ""))) -> Yıldız Pazar
A275: OZATD | B275: Metal Esya,Makine,Elektrikli Cihazlar,Ulasım Araç | C275: 4491655994 | D275: 71350000 | E275: =VLOOKUP(A275,'Tüm - Sektör'!$A:$H,5,0) -> 0.75821717 | F275: =VLOOKUP(A275,'Tüm - Sektör'!$A:$H,6,0) -> 0.0022047157 | G275: =VLOOKUP(A275,'Tüm - Sektör'!$A:$H,7,0) -> 10.951673 | H275: 4820 | I275: =VLOOKUP(A275,'Tüm - Sektör'!$A:$H,9,0) -> #REF! | J275: =VLOOKUP(A275,'Tüm - Sektör'!$A:$H,10,0) -> #REF! | K275: =VLOOKUP(A275,'Tüm - Sektör'!$A:$H,11,0) -> #REF! | L275: =VLOOKUP(A275,'Tüm - Sektör'!$A:$H,12,0) -> #REF! | M275: =VLOOKUP(A275,'Tüm - Sektör'!$A:$H,13,0) -> #REF! | N275: =VLOOKUP(A275,'Tüm - Sektör'!$A:$H,14,0) -> #REF! | O275: =VLOOKUP(A275,'Tüm - Sektör'!$A:$H,15,0) -> #REF! | P275: =VLOOKUP(A275,'Tüm - Sektör'!$A:$H,16,0) -> #REF! | Q275: =E275*G275/100 -> 0.083037465 | R275: =IF(OR(H275="", H276="", Q275=0), "", IF(H275<H276, (H276-H275)/H275, "")) | S275: 0.082779852 | T275: =S275-Q275 -> -0.00025761365 | V275: =IFERROR(VLOOKUP(LEFT(U276,FIND(" ",U276)-1),'BTA Tarama'!$A:$K,11,0),"") | X275: =IF(COUNTIF('Yıldız Liste'!A:A, A275)>0, "Yıldız Pazar", IF(COUNTIF('Ana Pazar Liste'!A:A, A275)>0, "Ana Pazar", IF(COUNTIF('Alt Pazar Liste'!A:A, A275)>0, "Alt Pazar", ""))) -> Yıldız Pazar
A276: DSTKF | B276: Finansal Kiralama ve Factoring Sirketleri | C276: 13307866000 | D276: 333333333 | E276: =VLOOKUP(A276,'Tüm - Sektör'!$A:$H,5,0) -> 0.21615196 | F276: =VLOOKUP(A276,'Tüm - Sektör'!$A:$H,6,0) -> 0.00019473149 | G276: =VLOOKUP(A276,'Tüm - Sektör'!$A:$H,7,0) -> 84.532953 | H276: 2190 | I276: =VLOOKUP(A276,'Tüm - Sektör'!$A:$H,9,0) -> #REF! | J276: =VLOOKUP(A276,'Tüm - Sektör'!$A:$H,10,0) -> #REF! | K276: =VLOOKUP(A276,'Tüm - Sektör'!$A:$H,11,0) -> #REF! | L276: =VLOOKUP(A276,'Tüm - Sektör'!$A:$H,12,0) -> #REF! | M276: =VLOOKUP(A276,'Tüm - Sektör'!$A:$H,13,0) -> #REF! | N276: =VLOOKUP(A276,'Tüm - Sektör'!$A:$H,14,0) -> #REF! | O276: =VLOOKUP(A276,'Tüm - Sektör'!$A:$H,15,0) -> #REF! | P276: =VLOOKUP(A276,'Tüm - Sektör'!$A:$H,16,0) -> #REF! | Q276: =E276*G276/100 -> 0.18271963 | R276: =IF(OR(H276="", H277="", Q276=0), "", IF(H276<H277, (H277-H276)/H276, "")) | S276: 0.19229024 | T276: =S276-Q276 -> 0.0095706102 | V276: =IFERROR(VLOOKUP(LEFT(U277,FIND(" ",U277)-1),'BTA Tarama'!$A:$K,11,0),"") | X276: =IF(COUNTIF('Yıldız Liste'!A:A, A276)>0, "Yıldız Pazar", IF(COUNTIF('Ana Pazar Liste'!A:A, A276)>0, "Ana Pazar", IF(COUNTIF('Alt Pazar Liste'!A:A, A276)>0, "Alt Pazar", ""))) -> Yıldız Pazar
A277: ODINE | B277: Teknoloji - Bilisim | C277: 2222618346 | D277: 110500000 | E277: =VLOOKUP(A277,'Tüm - Sektör'!$A:$H,5,0) -> 0.46244041 | F277: =VLOOKUP(A277,'Tüm - Sektör'!$A:$H,6,0) -> 0.0022868749 | G277: =VLOOKUP(A277,'Tüm - Sektör'!$A:$H,7,0) -> 47.739924 | H277: 1812 | I277: =VLOOKUP(A277,'Tüm - Sektör'!$A:$H,9,0) -> #REF! | J277: =VLOOKUP(A277,'Tüm - Sektör'!$A:$H,10,0) -> #REF! | K277: =VLOOKUP(A277,'Tüm - Sektör'!$A:$H,11,0) -> #REF! | L277: =VLOOKUP(A277,'Tüm - Sektör'!$A:$H,12,0) -> #REF! | M277: =VLOOKUP(A277,'Tüm - Sektör'!$A:$H,13,0) -> #REF! | N277: =VLOOKUP(A277,'Tüm - Sektör'!$A:$H,14,0) -> #REF! | O277: =VLOOKUP(A277,'Tüm - Sektör'!$A:$H,15,0) -> #REF! | P277: =VLOOKUP(A277,'Tüm - Sektör'!$A:$H,16,0) -> #REF! | Q277: =E277*G277/100 -> 0.2207687 | R277: =IF(OR(H277="", H278="", Q277=0), "", IF(H277<H278, (H278-H277)/H277, "")) | S277: 0.19872473 | T277: =S277-Q277 -> -0.022043968 | V277: =IFERROR(VLOOKUP(LEFT(U278,FIND(" ",U278)-1),'BTA Tarama'!$A:$K,11,0),"") | X277: =IF(COUNTIF('Yıldız Liste'!A:A, A277)>0, "Yıldız Pazar", IF(COUNTIF('Ana Pazar Liste'!A:A, A277)>0, "Ana Pazar", IF(COUNTIF('Alt Pazar Liste'!A:A, A277)>0, "Alt Pazar", ""))) -> Yıldız Pazar
A278: BRYAT | B278: Holdingler ve Yatırım Sirketleri | C278: 35696366730 | D278: 28125000 | E278: =VLOOKUP(A278,'Tüm - Sektör'!$A:$H,5,0) -> 5.5608384 | F278: =VLOOKUP(A278,'Tüm - Sektör'!$A:$H,6,0) -> 0.11582818 | G278: =VLOOKUP(A278,'Tüm - Sektör'!$A:$H,7,0) -> 4.322822 | H278: 1664 | I278: =VLOOKUP(A278,'Tüm - Sektör'!$A:$H,9,0) -> #REF! | J278: =VLOOKUP(A278,'Tüm - Sektör'!$A:$H,10,0) -> #REF! | K278: =VLOOKUP(A278,'Tüm - Sektör'!$A:$H,11,0) -> #REF! | L278: =VLOOKUP(A278,'Tüm - Sektör'!$A:$H,12,0) -> #REF! | M278: =VLOOKUP(A278,'Tüm - Sektör'!$A:$H,13,0) -> #REF! | N278: =VLOOKUP(A278,'Tüm - Sektör'!$A:$H,14,0) -> #REF! | O278: =VLOOKUP(A278,'Tüm - Sektör'!$A:$H,15,0) -> #REF! | P278: =VLOOKUP(A278,'Tüm - Sektör'!$A:$H,16,0) -> #REF! | Q278: =E278*G278/100 -> 0.24038514 | R278: =IF(OR(H278="", H279="", Q278=0), "", IF(H278<H279, (H279-H278)/H278, "")) | S278: 0.23823757 | T278: =S278-Q278 -> -0.0021475742 | V278: =IFERROR(VLOOKUP(LEFT(U279,FIND(" ",U279)-1),'BTA Tarama'!$A:$K,11,0),"") | X278: =IF(COUNTIF('Yıldız Liste'!A:A, A278)>0, "Yıldız Pazar", IF(COUNTIF('Ana Pazar Liste'!A:A, A278)>0, "Ana Pazar", IF(COUNTIF('Alt Pazar Liste'!A:A, A278)>0, "Alt Pazar", ""))) -> Yıldız Pazar
A279: CLEBI | B279: Ulastırma ve Depolama | C279: 8163584863 | D279: 24300000 | E279: =VLOOKUP(A279,'Tüm - Sektör'!$A:$H,5,0) -> 11.28031 | F279: =VLOOKUP(A279,'Tüm - Sektör'!$A:$H,6,0) -> 0.31408004 | G279: =VLOOKUP(A279,'Tüm - Sektör'!$A:$H,7,0) -> 2.442218 | H279: 1452 | I279: =VLOOKUP(A279,'Tüm - Sektör'!$A:$H,9,0) -> #REF! | J279: =VLOOKUP(A279,'Tüm - Sektör'!$A:$H,10,0) -> #REF! | K279: =VLOOKUP(A279,'Tüm - Sektör'!$A:$H,11,0) -> #REF! | L279: =VLOOKUP(A279,'Tüm - Sektör'!$A:$H,12,0) -> #REF! | M279: =VLOOKUP(A279,'Tüm - Sektör'!$A:$H,13,0) -> #REF! | N279: =VLOOKUP(A279,'Tüm - Sektör'!$A:$H,14,0) -> #REF! | O279: =VLOOKUP(A279,'Tüm - Sektör'!$A:$H,15,0) -> #REF! | P279: =VLOOKUP(A279,'Tüm - Sektör'!$A:$H,16,0) -> #REF! | Q279: =E279*G279/100 -> 0.27548976 | R279: =IF(OR(H279="", H280="", Q279=0), "", IF(H279<H280, (H280-H279)/H279, "")) | S279: 0.27663288 | T279: =S279-Q279 -> 0.0011431111 | V279: =IFERROR(VLOOKUP(LEFT(U280,FIND(" ",U280)-1),'BTA Tarama'!$A:$K,11,0),"") | X279: =IF(COUNTIF('Yıldız Liste'!A:A, A279)>0, "Yıldız Pazar", IF(COUNTIF('Ana Pazar Liste'!A:A, A279)>0, "Ana Pazar", IF(COUNTIF('Alt Pazar Liste'!A:A, A279)>0, "Alt Pazar", ""))) -> Yıldız Pazar
A280: INVES | B280: Holdingler ve Yatırım Sirketleri | C280: 26961819075 | D280: 187500000 | E280: =VLOOKUP(A280,'Tüm - Sektör'!$A:$H,5,0) -> 1.342218 | F280: =VLOOKUP(A280,'Tüm - Sektör'!$A:$H,6,0) -> 0.008729873 | G280: =VLOOKUP(A280,'Tüm - Sektör'!$A:$H,7,0) -> 37.479664 | H280: 795.5 | I280: =VLOOKUP(A280,'Tüm - Sektör'!$A:$H,9,0) -> #REF! | J280: =VLOOKUP(A280,'Tüm - Sektör'!$A:$H,10,0) -> #REF! | K280: =VLOOKUP(A280,'Tüm - Sektör'!$A:$H,11,0) -> #REF! | L280: =VLOOKUP(A280,'Tüm - Sektör'!$A:$H,12,0) -> #REF! | M280: =VLOOKUP(A280,'Tüm - Sektör'!$A:$H,13,0) -> #REF! | N280: =VLOOKUP(A280,'Tüm - Sektör'!$A:$H,14,0) -> #REF! | O280: =VLOOKUP(A280,'Tüm - Sektör'!$A:$H,15,0) -> #REF! | P280: =VLOOKUP(A280,'Tüm - Sektör'!$A:$H,16,0) -> #REF! | Q280: =E280*G280/100 -> 0.50305879 | R280: =IF(OR(H280="", H281="", Q280=0), "", IF(H280<H281, (H281-H280)/H280, "")) | S280: 0.50849208 | T280: =S280-Q280 -> 0.0054332906 | V280: =IFERROR(VLOOKUP(LEFT(U281,FIND(" ",U281)-1),'BTA Tarama'!$A:$K,11,0),"") | X280: =IF(COUNTIF('Yıldız Liste'!A:A, A280)>0, "Yıldız Pazar", IF(COUNTIF('Ana Pazar Liste'!A:A, A280)>0, "Ana Pazar", IF(COUNTIF('Alt Pazar Liste'!A:A, A280)>0, "Alt Pazar", ""))) -> Yıldız Pazar
A281: BRSAN | B281: Ana Metal Sanayi | C281: 39381685000 | D281: 141771582 | E281: =VLOOKUP(A281,'Tüm - Sektör'!$A:$H,5,0) -> 1.8123113 | F281: =VLOOKUP(A281,'Tüm - Sektör'!$A:$H,6,0) -> 0.017607825 | G281: =VLOOKUP(A281,'Tüm - Sektör'!$A:$H,7,0) -> 31.219389 | H281: 707 | I281: =VLOOKUP(A281,'Tüm - Sektör'!$A:$H,9,0) -> #REF! | J281: =VLOOKUP(A281,'Tüm - Sektör'!$A:$H,10,0) -> #REF! | K281: =VLOOKUP(A281,'Tüm - Sektör'!$A:$H,11,0) -> #REF! | L281: =VLOOKUP(A281,'Tüm - Sektör'!$A:$H,12,0) -> #REF! | M281: =VLOOKUP(A281,'Tüm - Sektör'!$A:$H,13,0) -> #REF! | N281: =VLOOKUP(A281,'Tüm - Sektör'!$A:$H,14,0) -> #REF! | O281: =VLOOKUP(A281,'Tüm - Sektör'!$A:$H,15,0) -> #REF! | P281: =VLOOKUP(A281,'Tüm - Sektör'!$A:$H,16,0) -> #REF! | Q281: =E281*G281/100 -> 0.56579251 | R281: =IF(OR(H281="", H282="", Q281=0), "", IF(H281<H282, (H282-H281)/H281, "")) | S281: 0.55250733 | T281: =S281-Q281 -> -0.013285183 | V281: =IFERROR(VLOOKUP(LEFT(U282,FIND(" ",U282)-1),'BTA Tarama'!$A:$K,11,0),"") | X281: =IF(COUNTIF('Yıldız Liste'!A:A, A281)>0, "Yıldız Pazar", IF(COUNTIF('Ana Pazar Liste'!A:A, A281)>0, "Ana Pazar", IF(COUNTIF('Alt Pazar Liste'!A:A, A281)>0, "Alt Pazar", ""))) -> Yıldız Pazar
A282: TARKM | B282: Kimya , İlaç , Petrol , Lastik ve Plastik Ürünler | C282: 3023972122 | D282: 21000000 | E282: =VLOOKUP(A282,'Tüm - Sektör'!$A:$H,5,0) -> 14.557392 | F282: =VLOOKUP(A282,'Tüm - Sektör'!$A:$H,6,0) -> 1.25128 | G282: =VLOOKUP(A282,'Tüm - Sektör'!$A:$H,7,0) -> 4.996952 | H282: 550 | I282: =VLOOKUP(A282,'Tüm - Sektör'!$A:$H,9,0) -> #REF! | J282: =VLOOKUP(A282,'Tüm - Sektör'!$A:$H,10,0) -> #REF! | K282: =VLOOKUP(A282,'Tüm - Sektör'!$A:$H,11,0) -> #REF! | L282: =VLOOKUP(A282,'Tüm - Sektör'!$A:$H,12,0) -> #REF! | M282: =VLOOKUP(A282,'Tüm - Sektör'!$A:$H,13,0) -> #REF! | N282: =VLOOKUP(A282,'Tüm - Sektör'!$A:$H,14,0) -> #REF! | O282: =VLOOKUP(A282,'Tüm - Sektör'!$A:$H,15,0) -> #REF! | P282: =VLOOKUP(A282,'Tüm - Sektör'!$A:$H,16,0) -> #REF! | Q282: =E282*G282/100 -> 0.72742587 | R282: =IF(OR(H282="", H283="", Q282=0), "", IF(H282<H283, (H283-H282)/H282, "")) | S282: 0.70999863 | T282: =S282-Q282 -> -0.017427239 | V282: =IFERROR(VLOOKUP(LEFT(U283,FIND(" ",U283)-1),'BTA Tarama'!$A:$K,11,0),"") | X282: =IF(COUNTIF('Yıldız Liste'!A:A, A282)>0, "Yıldız Pazar", IF(COUNTIF('Ana Pazar Liste'!A:A, A282)>0, "Ana Pazar", IF(COUNTIF('Alt Pazar Liste'!A:A, A282)>0, "Alt Pazar", ""))) -> Yıldız Pazar
A283: MGROS | B283: Perakende Ticaret | C283: 88342093000 | D283: 181054233 | E283: =VLOOKUP(A283,'Tüm - Sektör'!$A:$H,5,0) -> 0.8229248 | F283: =VLOOKUP(A283,'Tüm - Sektör'!$A:$H,6,0) -> 0.0081455015 | G283: =VLOOKUP(A283,'Tüm - Sektör'!$A:$H,7,0) -> 91.899596 | H283: 529 | I283: =VLOOKUP(A283,'Tüm - Sektör'!$A:$H,9,0) -> #REF! | J283: =VLOOKUP(A283,'Tüm - Sektör'!$A:$H,10,0) -> #REF! | K283: =VLOOKUP(A283,'Tüm - Sektör'!$A:$H,11,0) -> #REF! | L283: =VLOOKUP(A283,'Tüm - Sektör'!$A:$H,12,0) -> #REF! | M283: =VLOOKUP(A283,'Tüm - Sektör'!$A:$H,13,0) -> #REF! | N283: =VLOOKUP(A283,'Tüm - Sektör'!$A:$H,14,0) -> #REF! | O283: =VLOOKUP(A283,'Tüm - Sektör'!$A:$H,15,0) -> #REF! | P283: =VLOOKUP(A283,'Tüm - Sektör'!$A:$H,16,0) -> #REF! | Q283: =E283*G283/100 -> 0.75626456 | R283: =IF(OR(H283="", H284="", Q283=0), "", IF(H283<H284, (H284-H283)/H283, "")) | S283: 0.74988557 | T283: =S283-Q283 -> -0.0063789888 | V283: =IFERROR(VLOOKUP(LEFT(U284,FIND(" ",U284)-1),'BTA Tarama'!$A:$K,11,0),"") | X283: =IF(COUNTIF('Yıldız Liste'!A:A, A283)>0, "Yıldız Pazar", IF(COUNTIF('Ana Pazar Liste'!A:A, A283)>0, "Ana Pazar", IF(COUNTIF('Alt Pazar Liste'!A:A, A283)>0, "Alt Pazar", ""))) -> Yıldız Pazar
... A395: MAGEN | B395: Elektrik , Gaz ve Su | C395: 15218561138 | D395: 2950000000 | E395: =VLOOKUP(A395,'Tüm - Sektör'!$A:$H,5,0) -> 3.2629978 | F395: =VLOOKUP(A395,'Tüm - Sektör'!$A:$H,6,0) -> 0.031602884 | G395: =VLOOKUP(A395,'Tüm - Sektör'!$A:$H,7,0) -> 371.95621 | H395: 32.98 | I395: =VLOOKUP(A395,'Tüm - Sektör'!$A:$H,9,0) -> #REF! | J395: =VLOOKUP(A395,'Tüm - Sektör'!$A:$H,10,0) -> #REF! | K395: =VLOOKUP(A395,'Tüm - Sektör'!$A:$H,11,0) -> #REF! | L395: =VLOOKUP(A395,'Tüm - Sektör'!$A:$H,12,0) -> #REF! | M395: =VLOOKUP(A395,'Tüm - Sektör'!$A:$H,13,0) -> #REF! | N395: =VLOOKUP(A395,'Tüm - Sektör'!$A:$H,14,0) -> #REF! | O395: =VLOOKUP(A395,'Tüm - Sektör'!$A:$H,15,0) -> #REF! | P395: =VLOOKUP(A395,'Tüm - Sektör'!$A:$H,16,0) -> #REF! | Q395: =E395*G395/100 -> 12.136923 | R395: =IF(OR(H395="", H396="", Q395=0), "", IF(H395<H396, (H396-H395)/H395, "")) | S395: 11.515412 | T395: =S395-Q395 -> -0.621511 | V395: =IFERROR(VLOOKUP(LEFT(U396,FIND(" ",U396)-1),'BTA Tarama'!$A:$K,11,0),"") | X395: =IF(COUNTIF('Yıldız Liste'!A:A, A395)>0, "Yıldız Pazar", IF(COUNTIF('Ana Pazar Liste'!A:A, A395)>0, "Ana Pazar", IF(COUNTIF('Alt Pazar Liste'!A:A, A395)>0, "Alt Pazar", ""))) -> Yıldız Pazar
A396: VAKBN | B396: Bankalar | E396: =VLOOKUP(A396,'Tüm - Sektör'!$A:$H,5,0) -> 1.6719538 | F396: =VLOOKUP(A396,'Tüm - Sektör'!$A:$H,6,0) -> 0.0051094864 | G396: =VLOOKUP(A396,'Tüm - Sektör'!$A:$H,7,0) -> 734.86807 | H396: 32.56 | I396: =VLOOKUP(A396,'Tüm - Sektör'!$A:$H,9,0) -> #REF! | J396: =VLOOKUP(A396,'Tüm - Sektör'!$A:$H,10,0) -> #REF! | K396: =VLOOKUP(A396,'Tüm - Sektör'!$A:$H,11,0) -> #REF! | L396: =VLOOKUP(A396,'Tüm - Sektör'!$A:$H,12,0) -> #REF! | M396: =VLOOKUP(A396,'Tüm - Sektör'!$A:$H,13,0) -> #REF! | N396: =VLOOKUP(A396,'Tüm - Sektör'!$A:$H,14,0) -> #REF! | O396: =VLOOKUP(A396,'Tüm - Sektör'!$A:$H,15,0) -> #REF! | P396: =VLOOKUP(A396,'Tüm - Sektör'!$A:$H,16,0) -> #REF! | Q396: =E396*G396/100 -> 12.286655 | R396: =IF(OR(H396="", H397="", Q396=0), "", IF(H396<H397, (H397-H396)/H396, "")) | S396: 12.60408 | T396: =S396-Q396 -> 0.31742461 | V396: =IFERROR(VLOOKUP(LEFT(U397,FIND(" ",U397)-1),'BTA Tarama'!$A:$K,11,0),"") | X396: =IF(COUNTIF('Yıldız Liste'!A:A, A396)>0, "Yıldız Pazar", IF(COUNTIF('Ana Pazar Liste'!A:A, A396)>0, "Ana Pazar", IF(COUNTIF('Alt Pazar Liste'!A:A, A396)>0, "Alt Pazar", ""))) -> Yıldız Pazar
A397: AGHOL | B397: Holdingler ve Yatırım Sirketleri | C397: 126462671000 | D397: 2435345179 | E397: =VLOOKUP(A397,'Tüm - Sektör'!$A:$H,5,0) -> 1.3901088 | F397: =VLOOKUP(A397,'Tüm - Sektör'!$A:$H,6,0) -> 0.019026856 | G397: =VLOOKUP(A397,'Tüm - Sektör'!$A:$H,7,0) -> 888.70127 | H397: 32.38 | I397: =VLOOKUP(A397,'Tüm - Sektör'!$A:$H,9,0) -> #REF! | J397: =VLOOKUP(A397,'Tüm - Sektör'!$A:$H,10,0) -> #REF! | K397: =VLOOKUP(A397,'Tüm - Sektör'!$A:$H,11,0) -> #REF! | L397: =VLOOKUP(A397,'Tüm - Sektör'!$A:$H,12,0) -> #REF! | M397: =VLOOKUP(A397,'Tüm - Sektör'!$A:$H,13,0) -> #REF! | N397: =VLOOKUP(A397,'Tüm - Sektör'!$A:$H,14,0) -> #REF! | O397: =VLOOKUP(A397,'Tüm - Sektör'!$A:$H,15,0) -> #REF! | P397: =VLOOKUP(A397,'Tüm - Sektör'!$A:$H,16,0) -> #REF! | Q397: =E397*G397/100 -> 12.353914 | R397: =IF(OR(H397="", H398="", Q397=0), "", IF(H397<H398, (H398-H397)/H397, "")) | S397: 12.500617 | T397: =S397-Q397 -> 0.14670273 | V397: =IFERROR(VLOOKUP(LEFT(U398,FIND(" ",U398)-1),'BTA Tarama'!$A:$K,11,0),"") | X397: =IF(COUNTIF('Yıldız Liste'!A:A, A397)>0, "Yıldız Pazar", IF(COUNTIF('Ana Pazar Liste'!A:A, A397)>0, "Ana Pazar", IF(COUNTIF('Alt Pazar Liste'!A:A, A397)>0, "Alt Pazar", ""))) -> Yıldız Pazar
A398: TNZTP | B398: İnsan Sağlığı ve Sosyal Hizmetler | C398: 8884541574 | D398: 400000000 | E398: =VLOOKUP(A398,'Tüm - Sektör'!$A:$H,5,0) -> 15.735146 | F398: =VLOOKUP(A398,'Tüm - Sektör'!$A:$H,6,0) -> 1.2293083 | G398: =VLOOKUP(A398,'Tüm - Sektör'!$A:$H,7,0) -> 79.448607 | H398: 32 | I398: =VLOOKUP(A398,'Tüm - Sektör'!$A:$H,9,0) -> #REF! | J398: =VLOOKUP(A398,'Tüm - Sektör'!$A:$H,10,0) -> #REF! | K398: =VLOOKUP(A398,'Tüm - Sektör'!$A:$H,11,0) -> #REF! | L398: =VLOOKUP(A398,'Tüm - Sektör'!$A:$H,12,0) -> #REF! | M398: =VLOOKUP(A398,'Tüm - Sektör'!$A:$H,13,0) -> #REF! | N398: =VLOOKUP(A398,'Tüm - Sektör'!$A:$H,14,0) -> #REF! | O398: =VLOOKUP(A398,'Tüm - Sektör'!$A:$H,15,0) -> #REF! | P398: =VLOOKUP(A398,'Tüm - Sektör'!$A:$H,16,0) -> #REF! | Q398: =E398*G398/100 -> 12.501354 | R398: =IF(OR(H398="", H399="", Q398=0), "", IF(H398<H399, (H399-H398)/H398, "")) | S398: 12.501354 | T398: =S398-Q398 -> 0 | V398: =IFERROR(VLOOKUP(LEFT(U399,FIND(" ",U399)-1),'BTA Tarama'!$A:$K,11,0),"") | X398: =IF(COUNTIF('Yıldız Liste'!A:A, A398)>0, "Yıldız Pazar", IF(COUNTIF('Ana Pazar Liste'!A:A, A398)>0, "Ana Pazar", IF(COUNTIF('Alt Pazar Liste'!A:A, A398)>0, "Alt Pazar", ""))) -> Yıldız Pazar
A399: LIDER | B399: Kiralama ve Leasing Faaliyetleri | C399: 15071105467 | D399: 825000000 | E399: =VLOOKUP(A399,'Tüm - Sektör'!$A:$H,5,0) -> 5.0226919 | F399: =VLOOKUP(A399,'Tüm - Sektör'!$A:$H,6,0) -> 0.19025348 | G399: =VLOOKUP(A399,'Tüm - Sektör'!$A:$H,7,0) -> 254.99832 | H399: 31.24 | I399: =VLOOKUP(A399,'Tüm - Sektör'!$A:$H,9,0) -> #REF! | J399: =VLOOKUP(A399,'Tüm - Sektör'!$A:$H,10,0) -> #REF! | K399: =VLOOKUP(A399,'Tüm - Sektör'!$A:$H,11,0) -> #REF! | L399: =VLOOKUP(A399,'Tüm - Sektör'!$A:$H,12,0) -> #REF! | M399: =VLOOKUP(A399,'Tüm - Sektör'!$A:$H,13,0) -> #REF! | N399: =VLOOKUP(A399,'Tüm - Sektör'!$A:$H,14,0) -> #REF! | O399: =VLOOKUP(A399,'Tüm - Sektör'!$A:$H,15,0) -> #REF! | P399: =VLOOKUP(A399,'Tüm - Sektör'!$A:$H,16,0) -> #REF! | Q399: =E399*G399/100 -> 12.80778 | R399: =IF(OR(H399="", H400="", Q399=0), "", IF(H399<H400, (H400-H399)/H399, "")) | S399: 12.296098 | T399: =S399-Q399 -> -0.51168143 | V399: =IFERROR(VLOOKUP(LEFT(U400,FIND(" ",U400)-1),'BTA Tarama'!$A:$K,11,0),"") | X399: =IF(COUNTIF('Yıldız Liste'!A:A, A399)>0, "Yıldız Pazar", IF(COUNTIF('Ana Pazar Liste'!A:A, A399)>0, "Ana Pazar", IF(COUNTIF('Alt Pazar Liste'!A:A, A399)>0, "Alt Pazar", ""))) -> Yıldız Pazar
A400: SURGY | B400: Gayrimenkul Yatırım Ortaklıkları | C400: 9975791841 | D400: 167500000 | E400: =VLOOKUP(A400,'Tüm - Sektör'!$A:$H,5,0) -> 26.224524 | F400: =VLOOKUP(A400,'Tüm - Sektör'!$A:$H,6,0) -> 4.7443734 | G400: =VLOOKUP(A400,'Tüm - Sektör'!$A:$H,7,0) -> 49.784794 | H400: 30.64 | I400: =VLOOKUP(A400,'Tüm - Sektör'!$A:$H,9,0) -> #REF! | J400: =VLOOKUP(A400,'Tüm - Sektör'!$A:$H,10,0) -> #REF! | K400: =VLOOKUP(A400,'Tüm - Sektör'!$A:$H,11,0) -> #REF! | L400: =VLOOKUP(A400,'Tüm - Sektör'!$A:$H,12,0) -> #REF! | M400: =VLOOKUP(A400,'Tüm - Sektör'!$A:$H,13,0) -> #REF! | N400: =VLOOKUP(A400,'Tüm - Sektör'!$A:$H,14,0) -> #REF! | O400: =VLOOKUP(A400,'Tüm - Sektör'!$A:$H,15,0) -> #REF! | P400: =VLOOKUP(A400,'Tüm - Sektör'!$A:$H,16,0) -> #REF! | Q400: =E400*G400/100 -> 13.055825 | R400: =IF(OR(H400="", H401="", Q400=0), "", IF(H400<H401, (H401-H400)/H400, "")) | S400: 12.739824 | T400: =S400-Q400 -> -0.31600087 | V400: =IFERROR(VLOOKUP(LEFT(U401,FIND(" ",U401)-1),'BTA Tarama'!$A:$K,11,0),"") | X400: =IF(COUNTIF('Yıldız Liste'!A:A, A400)>0, "Yıldız Pazar", IF(COUNTIF('Ana Pazar Liste'!A:A, A400)>0, "Ana Pazar", IF(COUNTIF('Alt Pazar Liste'!A:A, A400)>0, "Alt Pazar", ""))) -> Yıldız Pazar
A401: YATAS | B401: Tekstil , Giyim Esyası ve Deri | C401: 11903282434 | D401: 149798932 | E401: =VLOOKUP(A401,'Tüm - Sektör'!$A:$H,5,0) -> 14.836307 | F401: =VLOOKUP(A401,'Tüm - Sektör'!$A:$H,6,0) -> 3.1948863 | G401: =VLOOKUP(A401,'Tüm - Sektör'!$A:$H,7,0) -> 88.406611 | H401: 30.5 | I401: =VLOOKUP(A401,'Tüm - Sektör'!$A:$H,9,0) -> #REF! | J401: =VLOOKUP(A401,'Tüm - Sektör'!$A:$H,10,0) -> #REF! | K401: =VLOOKUP(A401,'Tüm - Sektör'!$A:$H,11,0) -> #REF! | L401: =VLOOKUP(A401,'Tüm - Sektör'!$A:$H,12,0) -> #REF! | M401: =VLOOKUP(A401,'Tüm - Sektör'!$A:$H,13,0) -> #REF! | N401: =VLOOKUP(A401,'Tüm - Sektör'!$A:$H,14,0) -> #REF! | O401: =VLOOKUP(A401,'Tüm - Sektör'!$A:$H,15,0) -> #REF! | P401: =VLOOKUP(A401,'Tüm - Sektör'!$A:$H,16,0) -> #REF! | Q401: =E401*G401/100 -> 13.116276 | R401: =IF(OR(H401="", H402="", Q401=0), "", IF(H401<H402, (H402-H401)/H401, "")) | S401: 13.022345 | T401: =S401-Q401 -> -0.093931668 | V401: =IFERROR(VLOOKUP(LEFT(U402,FIND(" ",U402)-1),'BTA Tarama'!$A:$K,11,0),"") | X401: =IF(COUNTIF('Yıldız Liste'!A:A, A401)>0, "Yıldız Pazar", IF(COUNTIF('Ana Pazar Liste'!A:A, A401)>0, "Ana Pazar", IF(COUNTIF('Alt Pazar Liste'!A:A, A401)>0, "Alt Pazar", ""))) -> Yıldız Pazar
A402: RYSAS | B402: Ulastırma ve Depolama | C402: 27061282133 | D402: 2000000000 | E402: =VLOOKUP(A402,'Tüm - Sektör'!$A:$H,5,0) -> 2.0852035 | F402: =VLOOKUP(A402,'Tüm - Sektör'!$A:$H,6,0) -> 0.03861488 | G402: =VLOOKUP(A402,'Tüm - Sektör'!$A:$H,7,0) -> 639.07319 | H402: 30.02 | I402: =VLOOKUP(A402,'Tüm - Sektör'!$A:$H,9,0) -> #REF! | J402: =VLOOKUP(A402,'Tüm - Sektör'!$A:$H,10,0) -> #REF! | K402: =VLOOKUP(A402,'Tüm - Sektör'!$A:$H,11,0) -> #REF! | L402: =VLOOKUP(A402,'Tüm - Sektör'!$A:$H,12,0) -> #REF! | M402: =VLOOKUP(A402,'Tüm - Sektör'!$A:$H,13,0) -> #REF! | N402: =VLOOKUP(A402,'Tüm - Sektör'!$A:$H,14,0) -> #REF! | O402: =VLOOKUP(A402,'Tüm - Sektör'!$A:$H,15,0) -> #REF! | P402: =VLOOKUP(A402,'Tüm - Sektör'!$A:$H,16,0) -> #REF! | Q402: =E402*G402/100 -> 13.325976 | R402: =IF(OR(H402="", H403="", Q402=0), "", IF(H402<H403, (H403-H402)/H402, "")) | S402: 13.89048 | T402: =S402-Q402 -> 0.56450317 | V402: =IFERROR(VLOOKUP(LEFT(U403,FIND(" ",U403)-1),'BTA Tarama'!$A:$K,11,0),"") | X402: =IF(COUNTIF('Yıldız Liste'!A:A, A402)>0, "Yıldız Pazar", IF(COUNTIF('Ana Pazar Liste'!A:A, A402)>0, "Ana Pazar", IF(COUNTIF('Alt Pazar Liste'!A:A, A402)>0, "Alt Pazar", ""))) -> Yıldız Pazar
A403: LILAK | B403: Kağıt, Kağıt Ürünleri Basım | C403: 16816639000 | D403: 590000000 | E403: =VLOOKUP(A403,'Tüm - Sektör'!$A:$H,5,0) -> 13.801932 | F403: =VLOOKUP(A403,'Tüm - Sektör'!$A:$H,6,0) -> 0.77977019 | G403: =VLOOKUP(A403,'Tüm - Sektör'!$A:$H,7,0) -> 100.03767 | H403: 28.98 | I403: =VLOOKUP(A403,'Tüm - Sektör'!$A:$H,9,0) -> #REF! | J403: =VLOOKUP(A403,'Tüm - Sektör'!$A:$H,10,0) -> #REF! | K403: =VLOOKUP(A403,'Tüm - Sektör'!$A:$H,11,0) -> #REF! | L403: =VLOOKUP(A403,'Tüm - Sektör'!$A:$H,12,0) -> #REF! | M403: =VLOOKUP(A403,'Tüm - Sektör'!$A:$H,13,0) -> #REF! | N403: =VLOOKUP(A403,'Tüm - Sektör'!$A:$H,14,0) -> #REF! | O403: =VLOOKUP(A403,'Tüm - Sektör'!$A:$H,15,0) -> #REF! | P403: =VLOOKUP(A403,'Tüm - Sektör'!$A:$H,16,0) -> #REF! | Q403: =E403*G403/100 -> 13.807132 | R403: =IF(OR(H403="", H404="", Q403=0), "", IF(H403<H404, (H404-H403)/H403, "")) | S403: 13.750196 | T403: =S403-Q403 -> -0.056936627 | V403: =IFERROR(VLOOKUP(LEFT(U404,FIND(" ",U404)-1),'BTA Tarama'!$A:$K,11,0),"") | X403: =IF(COUNTIF('Yıldız Liste'!A:A, A403)>0, "Yıldız Pazar", IF(COUNTIF('Ana Pazar Liste'!A:A, A403)>0, "Ana Pazar", IF(COUNTIF('Alt Pazar Liste'!A:A, A403)>0, "Alt Pazar", ""))) -> Yıldız Pazar
A404: MIATK | B404: Teknoloji - Bilisim | C404: 5647873743 | D404: 494000000 | E404: =VLOOKUP(A404,'Tüm - Sektör'!$A:$H,5,0) -> 4.9769982 | F404: =VLOOKUP(A404,'Tüm - Sektör'!$A:$H,6,0) -> 0.34741018 | G404: =VLOOKUP(A404,'Tüm - Sektör'!$A:$H,7,0) -> 292.91445 | H404: 27.44 | I404: =VLOOKUP(A404,'Tüm - Sektör'!$A:$H,9,0) -> #REF! | J404: =VLOOKUP(A404,'Tüm - Sektör'!$A:$H,10,0) -> #REF! | K404: =VLOOKUP(A404,'Tüm - Sektör'!$A:$H,11,0) -> #REF! | L404: =VLOOKUP(A404,'Tüm - Sektör'!$A:$H,12,0) -> #REF! | M404: =VLOOKUP(A404,'Tüm - Sektör'!$A:$H,13,0) -> #REF! | N404: =VLOOKUP(A404,'Tüm - Sektör'!$A:$H,14,0) -> #REF! | O404: =VLOOKUP(A404,'Tüm - Sektör'!$A:$H,15,0) -> #REF! | P404: =VLOOKUP(A404,'Tüm - Sektör'!$A:$H,16,0) -> #REF! | Q404: =E404*G404/100 -> 14.578347 | R404: =IF(OR(H404="", H405="", Q404=0), "", IF(H404<H405, (H405-H404)/H404, "")) | S404: 14.155337 | T404: =S404-Q404 -> -0.42300935 | V404: =IFERROR(VLOOKUP(LEFT(U405,FIND(" ",U405)-1),'BTA Tarama'!$A:$K,11,0),"") | X404: =IF(COUNTIF('Yıldız Liste'!A:A, A404)>0, "Yıldız Pazar", IF(COUNTIF('Ana Pazar Liste'!A:A, A404)>0, "Ana Pazar", IF(COUNTIF('Alt Pazar Liste'!A:A, A404)>0, "Alt Pazar", ""))) -> Yıldız Pazar
A405: BSOKE | B405: Tas ve Toprağa Dayalı | C405: 13453377967 | D405: 1600000000 | E405: =VLOOKUP(A405,'Tüm - Sektör'!$A:$H,5,0) -> 3.6732209 | F405: =VLOOKUP(A405,'Tüm - Sektör'!$A:$H,6,0) -> 0.079164243 | G405: =VLOOKUP(A405,'Tüm - Sektör'!$A:$H,7,0) -> 405.15483 | H405: 26.88 | I405: =VLOOKUP(A405,'Tüm - Sektör'!$A:$H,9,0) -> #REF! | J405: =VLOOKUP(A405,'Tüm - Sektör'!$A:$H,10,0) -> #REF! | K405: =VLOOKUP(A405,'Tüm - Sektör'!$A:$H,11,0) -> #REF! | L405: =VLOOKUP(A405,'Tüm - Sektör'!$A:$H,12,0) -> #REF! | M405: =VLOOKUP(A405,'Tüm - Sektör'!$A:$H,13,0) -> #REF! | N405: =VLOOKUP(A405,'Tüm - Sektör'!$A:$H,14,0) -> #REF! | O405: =VLOOKUP(A405,'Tüm - Sektör'!$A:$H,15,0) -> #REF! | P405: =VLOOKUP(A405,'Tüm - Sektör'!$A:$H,16,0) -> #REF! | Q405: =E405*G405/100 -> 14.882232 | R405: =IF(OR(H405="", H406="", Q405=0), "", IF(H405<H406, (H406-H405)/H405, "")) | S405: 15.210433 | T405: =S405-Q405 -> 0.32820131 | V405: =IFERROR(VLOOKUP(LEFT(U406,FIND(" ",U406)-1),'BTA Tarama'!$A:$K,11,0),"") | X405: =IF(COUNTIF('Yıldız Liste'!A:A, A405)>0, "Yıldız Pazar", IF(COUNTIF('Ana Pazar Liste'!A:A, A405)>0, "Ana Pazar", IF(COUNTIF('Alt Pazar Liste'!A:A, A405)>0, "Alt Pazar", ""))) -> Yıldız Pazar
A406: AYDEM | B406: Elektrik , Gaz ve Su | C406: 41071171048 | D406: 705000000 | E406: =VLOOKUP(A406,'Tüm - Sektör'!$A:$H,5,0) -> 11.71185 | F406: =VLOOKUP(A406,'Tüm - Sektör'!$A:$H,6,0) -> 0.61527975 | G406: =VLOOKUP(A406,'Tüm - Sektör'!$A:$H,7,0) -> 129.92484 | H406: 26.3 | I406: =VLOOKUP(A406,'Tüm - Sektör'!$A:$H,9,0) -> #REF! | J406: =VLOOKUP(A406,'Tüm - Sektör'!$A:$H,10,0) -> #REF! | K406: =VLOOKUP(A406,'Tüm - Sektör'!$A:$H,11,0) -> #REF! | L406: =VLOOKUP(A406,'Tüm - Sektör'!$A:$H,12,0) -> #REF! | M406: =VLOOKUP(A406,'Tüm - Sektör'!$A:$H,13,0) -> #REF! | N406: =VLOOKUP(A406,'Tüm - Sektör'!$A:$H,14,0) -> #REF! | O406: =VLOOKUP(A406,'Tüm - Sektör'!$A:$H,15,0) -> #REF! | P406: =VLOOKUP(A406,'Tüm - Sektör'!$A:$H,16,0) -> #REF! | Q406: =E406*G406/100 -> 15.216602 | R406: =IF(OR(H406="", H407="", Q406=0), "", IF(H406<H407, (H407-H406)/H406, "")) | S406: 15.205039 | T406: =S406-Q406 -> -0.011562767 | V406: =IFERROR(VLOOKUP(LEFT(U407,FIND(" ",U407)-1),'BTA Tarama'!$A:$K,11,0),"") | X406: =IF(COUNTIF('Yıldız Liste'!A:A, A406)>0, "Yıldız Pazar", IF(COUNTIF('Ana Pazar Liste'!A:A, A406)>0, "Ana Pazar", IF(COUNTIF('Alt Pazar Liste'!A:A, A406)>0, "Alt Pazar", ""))) -> Yıldız Pazar
A407: KLKIM | B407: Tas ve Toprağa Dayalı | C407: 7127430217 | D407: 460000000 | E407: =VLOOKUP(A407,'Tüm - Sektör'!$A:$H,5,0) -> 12.87825 | F407: =VLOOKUP(A407,'Tüm - Sektör'!$A:$H,6,0) -> 1.0368962 | G407: =VLOOKUP(A407,'Tüm - Sektör'!$A:$H,7,0) -> 119.47067 | H407: 26 | I407: =VLOOKUP(A407,'Tüm - Sektör'!$A:$H,9,0) -> #REF! | J407: =VLOOKUP(A407,'Tüm - Sektör'!$A:$H,10,0) -> #REF! | K407: =VLOOKUP(A407,'Tüm - Sektör'!$A:$H,11,0) -> #REF! | L407: =VLOOKUP(A407,'Tüm - Sektör'!$A:$H,12,0) -> #REF! | M407: =VLOOKUP(A407,'Tüm - Sektör'!$A:$H,13,0) -> #REF! | N407: =VLOOKUP(A407,'Tüm - Sektör'!$A:$H,14,0) -> #REF! | O407: =VLOOKUP(A407,'Tüm - Sektör'!$A:$H,15,0) -> #REF! | P407: =VLOOKUP(A407,'Tüm - Sektör'!$A:$H,16,0) -> #REF! | Q407: =E407*G407/100 -> 15.385732 | R407: =IF(OR(H407="", H408="", Q407=0), "", IF(H407<H408, (H408-H407)/H407, "")) | S407: 14.993592 | T407: =S407-Q407 -> -0.39214009 | V407: =IFERROR(VLOOKUP(LEFT(U408,FIND(" ",U408)-1),'BTA Tarama'!$A:$K,11,0),"") | X407: =IF(COUNTIF('Yıldız Liste'!A:A, A407)>0, "Yıldız Pazar", IF(COUNTIF('Ana Pazar Liste'!A:A, A407)>0, "Ana Pazar", IF(COUNTIF('Alt Pazar Liste'!A:A, A407)>0, "Alt Pazar", ""))) -> Yıldız Pazar
A408: ISGYO | B408: Gayrimenkul Yatırım Ortaklıkları | C408: 54593744694 | D408: 958750000 | E408: =VLOOKUP(A408,'Tüm - Sektör'!$A:$H,5,0) -> 4.1229494 | F408: =VLOOKUP(A408,'Tüm - Sektör'!$A:$H,6,0) -> 0.15358351 | G408: =VLOOKUP(A408,'Tüm - Sektör'!$A:$H,7,0) -> 373.44712 | H408: 25.98 | I408: =VLOOKUP(A408,'Tüm - Sektör'!$A:$H,9,0) -> #REF! | J408: =VLOOKUP(A408,'Tüm - Sektör'!$A:$H,10,0) -> #REF! | K408: =VLOOKUP(A408,'Tüm - Sektör'!$A:$H,11,0) -> #REF! | L408: =VLOOKUP(A408,'Tüm - Sektör'!$A:$H,12,0) -> #REF! | M408: =VLOOKUP(A408,'Tüm - Sektör'!$A:$H,13,0) -> #REF! | N408: =VLOOKUP(A408,'Tüm - Sektör'!$A:$H,14,0) -> #REF! | O408: =VLOOKUP(A408,'Tüm - Sektör'!$A:$H,15,0) -> #REF! | P408: =VLOOKUP(A408,'Tüm - Sektör'!$A:$H,16,0) -> #REF! | Q408: =E408*G408/100 -> 15.397036 | R408: =IF(OR(H408="", H409="", Q408=0), "", IF(H408<H409, (H409-H408)/H408, "")) | S408: 15.209696 | T408: =S408-Q408 -> -0.18734036 | V408: =IFERROR(VLOOKUP(LEFT(U409,FIND(" ",U409)-1),'BTA Tarama'!$A:$K,11,0),"") | X408: =IF(COUNTIF('Yıldız Liste'!A:A, A408)>0, "Yıldız Pazar", IF(COUNTIF('Ana Pazar Liste'!A:A, A408)>0, "Ana Pazar", IF(COUNTIF('Alt Pazar Liste'!A:A, A408)>0, "Alt Pazar", ""))) -> Yıldız Pazar
... A519: TSPOR | B519: Spor Hizmetleri | C519: 13101802922 | D519: 7500000000 | E519: =VLOOKUP(A519,'Tüm - Sektör'!$A:$H,5,0) -> 10.28505 | F519: =VLOOKUP(A519,'Tüm - Sektör'!$A:$H,6,0) -> 1.5069671 | G519: =VLOOKUP(A519,'Tüm - Sektör'!$A:$H,7,0) -> 3669.4808 | H519: 1.06 | I519: =VLOOKUP(A519,'Tüm - Sektör'!$A:$H,9,0) -> #REF! | J519: =VLOOKUP(A519,'Tüm - Sektör'!$A:$H,10,0) -> #REF! | K519: =VLOOKUP(A519,'Tüm - Sektör'!$A:$H,11,0) -> #REF! | L519: =VLOOKUP(A519,'Tüm - Sektör'!$A:$H,12,0) -> #REF! | M519: =VLOOKUP(A519,'Tüm - Sektör'!$A:$H,13,0) -> #REF! | N519: =VLOOKUP(A519,'Tüm - Sektör'!$A:$H,14,0) -> #REF! | O519: =VLOOKUP(A519,'Tüm - Sektör'!$A:$H,15,0) -> #REF! | P519: =VLOOKUP(A519,'Tüm - Sektör'!$A:$H,16,0) -> #REF! | Q519: =E519*G519/100 -> 377.40795 | R519: =IF(OR(H519="", H520="", Q519=0), "", IF(H519<H520, (H520-H519)/H519, "")) | S519: 367.02057 | T519: =S519-Q519 -> -10.387375 | V519: =IFERROR(VLOOKUP(LEFT(U520,FIND(" ",U520)-1),'BTA Tarama'!$A:$K,11,0),"") | X519: =IF(COUNTIF('Yıldız Liste'!A:A, A519)>0, "Yıldız Pazar", IF(COUNTIF('Ana Pazar Liste'!A:A, A519)>0, "Ana Pazar", IF(COUNTIF('Alt Pazar Liste'!A:A, A519)>0, "Alt Pazar", ""))) -> Yıldız Pazar
A520: GSRAY | B520: Spor Hizmetleri | C520: 15945776654 | D520: 13500000000 | E520: =VLOOKUP(A520,'Tüm - Sektör'!$A:$H,5,0) -> 6.9951153 | F520: =VLOOKUP(A520,'Tüm - Sektör'!$A:$H,6,0) -> 0.50306475 | G520: =VLOOKUP(A520,'Tüm - Sektör'!$A:$H,7,0) -> 5395.3996 | H520: 1.06 | I520: =VLOOKUP(A520,'Tüm - Sektör'!$A:$H,9,0) -> #REF! | J520: =VLOOKUP(A520,'Tüm - Sektör'!$A:$H,10,0) -> #REF! | K520: =VLOOKUP(A520,'Tüm - Sektör'!$A:$H,11,0) -> #REF! | L520: =VLOOKUP(A520,'Tüm - Sektör'!$A:$H,12,0) -> #REF! | M520: =VLOOKUP(A520,'Tüm - Sektör'!$A:$H,13,0) -> #REF! | N520: =VLOOKUP(A520,'Tüm - Sektör'!$A:$H,14,0) -> #REF! | O520: =VLOOKUP(A520,'Tüm - Sektör'!$A:$H,15,0) -> #REF! | P520: =VLOOKUP(A520,'Tüm - Sektör'!$A:$H,16,0) -> #REF! | Q520: =E520*G520/100 -> 377.41442 | R520: =IF(OR(H520="", 'BOT HİSSELER CIKARILDI'!H2="", Q520=0), "", IF(H520<'BOT HİSSELER CIKARILDI'!H2, ('BOT HİSSELER CIKARILDI'!H2-H520)/H520, "")) -> 0.0094339623 | S520: 367.02687 | T520: =S520-Q520 -> -10.387553 | V520: =IFERROR(VLOOKUP(LEFT(U521,FIND(" ",U521)-1),'BTA Tarama'!$A:$K,11,0),"") | X520: =IF(COUNTIF('Yıldız Liste'!A:A, A520)>0, "Yıldız Pazar", IF(COUNTIF('Ana Pazar Liste'!A:A, A520)>0, "Ana Pazar", IF(COUNTIF('Alt Pazar Liste'!A:A, A520)>0, "Alt Pazar", ""))) -> Yıldız Pazar
A521: ALT PAZAR | Q521: =E521*G521/100 -> 0 | R521: =IF(OR(H521="", H522="", Q521=0), "", IF(H521<H522, (H522-H521)/H521, "")) | S521: 0 | T521: =S521-Q521 -> 0 | V521: =IFERROR(VLOOKUP(LEFT(U522,FIND(" ",U522)-1),'BTA Tarama'!$A:$K,11,0),"") | X521: =IF(COUNTIF('Yıldız Liste'!A:A, A521)>0, "Yıldız Pazar", IF(COUNTIF('Ana Pazar Liste'!A:A, A521)>0, "Ana Pazar", IF(COUNTIF('Alt Pazar Liste'!A:A, A521)>0, "Alt Pazar", "")))
A522: ISBTR | B522: Bankalar | C522: 1357332842 | D522: 535000000 | E522: =VLOOKUP(A522,'Tüm - Sektör'!$A:$H,5,0) -> 10.763249 | F522: =VLOOKUP(A522,'Tüm - Sektör'!$A:$H,6,0) -> 0.70426283 | G522: =VLOOKUP(A522,'Tüm - Sektör'!$A:$H,7,0) -> 7.433e-06 | H522: 500000 | I522: =VLOOKUP(A522,'Tüm - Sektör'!$A:$H,9,0) -> #REF! | J522: =VLOOKUP(A522,'Tüm - Sektör'!$A:$H,10,0) -> #REF! | K522: =VLOOKUP(A522,'Tüm - Sektör'!$A:$H,11,0) -> #REF! | L522: =VLOOKUP(A522,'Tüm - Sektör'!$A:$H,12,0) -> #REF! | M522: =VLOOKUP(A522,'Tüm - Sektör'!$A:$H,13,0) -> #REF! | N522: =VLOOKUP(A522,'Tüm - Sektör'!$A:$H,14,0) -> #REF! | O522: =VLOOKUP(A522,'Tüm - Sektör'!$A:$H,15,0) -> #REF! | P522: =VLOOKUP(A522,'Tüm - Sektör'!$A:$H,16,0) -> #REF! | Q522: =E522*G522/100 -> 8.0003229e-07 | R522: =IF(OR(H522="", H523="", Q522=0), "", IF(H522<H523, (H523-H522)/H522, "")) -> 8.9 | S522: 7.6926182e-07 | T522: =S522-Q522 -> -3.0770473e-08 | V522: =IFERROR(VLOOKUP(LEFT(U523,FIND(" ",U523)-1),'BTA Tarama'!$A:$K,11,0),"") | X522: =IF(COUNTIF('Yıldız Liste'!A:A, A522)>0, "Yıldız Pazar", IF(COUNTIF('Ana Pazar Liste'!A:A, A522)>0, "Ana Pazar", IF(COUNTIF('Alt Pazar Liste'!A:A, A522)>0, "Alt Pazar", ""))) -> Alt Pazar
A523: ISATR | B523: Bankalar | C523: 1357332842 | D523: 535000000 | E523: =VLOOKUP(A523,'Tüm - Sektör'!$A:$H,5,0) -> 33.810912 | F523: =VLOOKUP(A523,'Tüm - Sektör'!$A:$H,6,0) -> 6.8304874 | G523: =VLOOKUP(A523,'Tüm - Sektör'!$A:$H,7,0) -> 0.000239 | H523: 4950000 | I523: =VLOOKUP(A523,'Tüm - Sektör'!$A:$H,9,0) -> #REF! | J523: =VLOOKUP(A523,'Tüm - Sektör'!$A:$H,10,0) -> #REF! | K523: =VLOOKUP(A523,'Tüm - Sektör'!$A:$H,11,0) -> #REF! | L523: =VLOOKUP(A523,'Tüm - Sektör'!$A:$H,12,0) -> #REF! | M523: =VLOOKUP(A523,'Tüm - Sektör'!$A:$H,13,0) -> #REF! | N523: =VLOOKUP(A523,'Tüm - Sektör'!$A:$H,14,0) -> #REF! | O523: =VLOOKUP(A523,'Tüm - Sektör'!$A:$H,15,0) -> #REF! | P523: =VLOOKUP(A523,'Tüm - Sektör'!$A:$H,16,0) -> #REF! | Q523: =E523*G523/100 -> 8.0808081e-05 | R523: =IF(OR(H523="", H524="", Q523=0), "", IF(H523<H524, (H524-H523)/H523, "")) | S523: 8.0808081e-05 | T523: =S523-Q523 -> 0 | V523: =IFERROR(VLOOKUP(LEFT(U524,FIND(" ",U524)-1),'BTA Tarama'!$A:$K,11,0),"") | X523: =IF(COUNTIF('Yıldız Liste'!A:A, A523)>0, "Yıldız Pazar", IF(COUNTIF('Ana Pazar Liste'!A:A, A523)>0, "Ana Pazar", IF(COUNTIF('Alt Pazar Liste'!A:A, A523)>0, "Alt Pazar", ""))) -> Alt Pazar
A524: ISKUR | B524: Bankalar | C524: 1357332842 | D524: 535000000 | E524: =VLOOKUP(A524,'Tüm - Sektör'!$A:$H,5,0) -> 13876.416 | F524: =VLOOKUP(A524,'Tüm - Sektör'!$A:$H,6,0) -> 1739.7255 | G524: =VLOOKUP(A524,'Tüm - Sektör'!$A:$H,7,0) -> 0.000699 | H524: 4125000 | I524: =VLOOKUP(A524,'Tüm - Sektör'!$A:$H,9,0) -> #REF! | J524: =VLOOKUP(A524,'Tüm - Sektör'!$A:$H,10,0) -> #REF! | K524: =VLOOKUP(A524,'Tüm - Sektör'!$A:$H,11,0) -> #REF! | L524: =VLOOKUP(A524,'Tüm - Sektör'!$A:$H,12,0) -> #REF! | M524: =VLOOKUP(A524,'Tüm - Sektör'!$A:$H,13,0) -> #REF! | N524: =VLOOKUP(A524,'Tüm - Sektör'!$A:$H,14,0) -> #REF! | O524: =VLOOKUP(A524,'Tüm - Sektör'!$A:$H,15,0) -> #REF! | P524: =VLOOKUP(A524,'Tüm - Sektör'!$A:$H,16,0) -> #REF! | Q524: =E524*G524/100 -> 0.096996145 | R524: =IF(OR(H524="", H525="", Q524=0), "", IF(H524<H525, (H525-H524)/H524, "")) | S524: 0.096996145 | T524: =S524-Q524 -> 0 | V524: =IFERROR(VLOOKUP(LEFT(U525,FIND(" ",U525)-1),'BTA Tarama'!$A:$K,11,0),"") | X524: =IF(COUNTIF('Yıldız Liste'!A:A, A524)>0, "Yıldız Pazar", IF(COUNTIF('Ana Pazar Liste'!A:A, A524)>0, "Ana Pazar", IF(COUNTIF('Alt Pazar Liste'!A:A, A524)>0, "Alt Pazar", ""))) -> Alt Pazar
A525: TRHOL | B525: Holdingler ve Yatırım Sirketleri | C525: 204500139 | D525: 30000000 | E525: =VLOOKUP(A525,'Tüm - Sektör'!$A:$H,5,0) -> 1.2703797 | F525: =VLOOKUP(A525,'Tüm - Sektör'!$A:$H,6,0) -> 0.013659996 | G525: =VLOOKUP(A525,'Tüm - Sektör'!$A:$H,7,0) -> 9.399838 | H525: 3350 | I525: =VLOOKUP(A525,'Tüm - Sektör'!$A:$H,9,0) -> #REF! | J525: =VLOOKUP(A525,'Tüm - Sektör'!$A:$H,10,0) -> #REF! | K525: =VLOOKUP(A525,'Tüm - Sektör'!$A:$H,11,0) -> #REF! | L525: =VLOOKUP(A525,'Tüm - Sektör'!$A:$H,12,0) -> #REF! | M525: =VLOOKUP(A525,'Tüm - Sektör'!$A:$H,13,0) -> #REF! | N525: =VLOOKUP(A525,'Tüm - Sektör'!$A:$H,14,0) -> #REF! | O525: =VLOOKUP(A525,'Tüm - Sektör'!$A:$H,15,0) -> #REF! | P525: =VLOOKUP(A525,'Tüm - Sektör'!$A:$H,16,0) -> #REF! | Q525: =E525*G525/100 -> 0.11941363 | R525: =IF(OR(H525="", H526="", Q525=0), "", IF(H525<H526, (H526-H525)/H525, "")) | S525: 0.12760308 | T525: =S525-Q525 -> 0.0081894516 | V525: =IFERROR(VLOOKUP(LEFT(U526,FIND(" ",U526)-1),'BTA Tarama'!$A:$K,11,0),"") | X525: =IF(COUNTIF('Yıldız Liste'!A:A, A525)>0, "Yıldız Pazar", IF(COUNTIF('Ana Pazar Liste'!A:A, A525)>0, "Ana Pazar", IF(COUNTIF('Alt Pazar Liste'!A:A, A525)>0, "Alt Pazar", ""))) -> Alt Pazar
A526: BURVA | B526: Ana Metal Sanayi | C526: 91186532 | D526: 7347672 | E526: =VLOOKUP(A526,'Tüm - Sektör'!$A:$H,5,0) -> 16.423783 | F526: =VLOOKUP(A526,'Tüm - Sektör'!$A:$H,6,0) -> 3.0043499 | G526: =VLOOKUP(A526,'Tüm - Sektör'!$A:$H,7,0) -> 3.211576 | H526: 758.5 | I526: =VLOOKUP(A526,'Tüm - Sektör'!$A:$H,9,0) -> #REF! | J526: =VLOOKUP(A526,'Tüm - Sektör'!$A:$H,10,0) -> #REF! | K526: =VLOOKUP(A526,'Tüm - Sektör'!$A:$H,11,0) -> #REF! | L526: =VLOOKUP(A526,'Tüm - Sektör'!$A:$H,12,0) -> #REF! | M526: =VLOOKUP(A526,'Tüm - Sektör'!$A:$H,13,0) -> #REF! | N526: =VLOOKUP(A526,'Tüm - Sektör'!$A:$H,14,0) -> #REF! | O526: =VLOOKUP(A526,'Tüm - Sektör'!$A:$H,15,0) -> #REF! | P526: =VLOOKUP(A526,'Tüm - Sektör'!$A:$H,16,0) -> #REF! | Q526: =E526*G526/100 -> 0.52746229 | R526: =IF(OR(H526="", H527="", Q526=0), "", IF(H526<H527, (H527-H526)/H526, "")) | S526: 0.55916163 | T526: =S526-Q526 -> 0.031699341 | V526: =IFERROR(VLOOKUP(LEFT(U527,FIND(" ",U527)-1),'BTA Tarama'!$A:$K,11,0),"") | X526: =IF(COUNTIF('Yıldız Liste'!A:A, A526)>0, "Yıldız Pazar", IF(COUNTIF('Ana Pazar Liste'!A:A, A526)>0, "Ana Pazar", IF(COUNTIF('Alt Pazar Liste'!A:A, A526)>0, "Alt Pazar", ""))) -> Alt Pazar
...

Sheet Sayfa1
A1: Sembol | B1: Periyot | C1: Birim | D1: MACD TOPLAM | E1: kapanış | F1: SEKTÖR KODU | G1: NET DÖNEM KARI | H1: FIILI DOLAŞIMDAKİ PAY ADEDİ | I1: DEFTER DEGERI | J1: OZ SERMAYE | K1: ÖDENMİŞ SERMAYE | L1: PD/DD | M1: PİYASA DEĞERİ | N1: FIILI DOLAŞIMDAKİ PAY ORANI | O1: KALDIRAÃ‡ % | P1: PUAN | Q1: BEDELLİ/BEDELSİZ | R1: Skor | T1: Macd Toplam | U1: Macd Aylık | V1: RSI Günlük | W1: RSI Saatlik | X1: RSI Aylık
A2: A1CAP | B2: 60 | C2: TL | D2: -3192.1615 | E2: 7.72 | F2: Aracı Kurumlar | G2: -1049101373 | H2: 233.178.165 | I2: 13.415774 | J2: 9055647326 | K2: 675000000 | L2: 0.59631298 | M2: 5400000000 | N2: 34,54 | O2: 43.778319 | P2: 595.09196 | R2: 19.836399 | T2: -16.747573 | U2: 9.9331768 | V2: 33.074801 | W2: 52.176638 | X2: 46.834331
A3: A1YEN | B3: 60 | C3: TL | D3: -188.91528 | E3: 2.71 | F3: Elektrik , Gaz ve Su | G3: 3618440 | H3: 448.671.928 | I3: 61.374533 | J3: 3375599291 | K3: 55000000 | L3: 0.032586806 | M3: 110000000 | N3: 74,77 | O3: 22.700967 | P3: 393.5039 | Q3: %990,91 bedelsiz | R3: 13.116797 | T3: -0.84145127 | U3: 1.0945167 | V3: 49.885882 | W3: 54.069372 | X3: 50.501078
A4: AAGYO | B4: 60 | C4: TL | D4: -73322 | E4: 12.38 | F4: Gayrimenkul Yatırım Ortaklıkları | G4: 108347048 | H4: 175.896.966 | I4: 22.947327 | J4: 13661644947 | K4: 595348000 | L4: 0.52293673 | M4: 7144176000 | N4: 25,09 | O4: 21.430642 | R4: =IF(OR(H4="", H5="", Q4=0), "", IF(H4<H5, LN(H5/H4)/10, "")) | V4: 24.499245 | W4: 36.250523
A5: ACSEL | B5: 60 | C5: TL | D5: -30387.347 | E5: 114 | F5: Kimya , İlaç , Petrol , Lastik ve Plastik Ürünler | G5: 5814918 | H5: 5.182.781 | I5: 59.558735 | J5: 638570889 | K5: 10721700 | L5: 2.0148178 | M5: 1286604000 | N5: 48,33 | O5: 36.620578 | P5: 407.94619 | R5: 13.598206 | T5: -24.856968 | U5: 64.655929 | V5: 39.439553 | W5: 37.149213 | X5: 52.71259
A6: ADEL | B6: 60 | C6: TL | D6: 9882.7263 | E6: 32.88 | F6: Diğer İmalat Sanayii | G6: -35004000 | H6: 71.729.606 | I6: 4.997518 | J6: 1298730000 | K6: 259875000 | L6: 7.0034765 | M6: 9095625000 | N6: 27,60 | O6: 63.914985 | P6: 1186.6501 | R6: 39.555004 | T6: -8.9381012 | U6: -118.42889 | V6: 57.992532 | W6: 47.810198 | X6: 43.145477
A7: ADESE | B7: 60 | C7: TL | D7: -113.26488 | E7: 0.85 | F7: Gayrimenkul Faaliyetleri | G7: -245597000 | H7: 4.679.597.870 | I7: 2.7568966 | J7: 13894759000 | K7: 5040000000 | L7: 0.31557222 | M7: 4384800000 | N7: 92,84 | O7: 22.994382 | P7: 653.87617 | Q7: %400, bedelsiz | R7: 21.795872 | T7: -1.6781371 | U7: 0.36709738 | V7: 35.465538 | W7: 53.950097 | X7: 44.612068
A8: ADGYO | B8: 60 | C8: TL | D8: 19304.563 | E8: 58.3 | F8: Gayrimenkul Yatırım Ortaklıkları | G8: -113776797 | H8: 65.829.008 | I8: 29.17591 | J8: 15925799746 | K8: 545854435 | L8: 2.0564911 | M8: 32751266100 | N8: 12,05 | O8: 16.606616 | P8: 1676.0257 | R8: 55.867523 | T8: 21.651477 | V8: 52.245722 | W8: 34.417136 | X8: 57.446757
A9: AEFES | B9: 60 | C9: TL | D9: -7166.214 | E9: 18.08 | F9: Gıda , İçecek ve Tütün | G9: 4524638000 | H9: 1.931.812.445 | I9: 20.152083 | J9: 119321530000 | K9: 5921052000 | L9: 0.89320792 | M9: 106578936000 | N9: 32,62 | O9: 47.077021 | P9: 732.82411 | R9: 24.42747 | T9: 9.6284114 | U9: 17.052976 | V9: 47.991383 | W9: 31.6394 | X9: 60.577936
A10: AFYON | B10: 60 | C10: TL | D10: -148.48241 | E10: 12.54 | F10: Tas ve Toprağa Dayalı | G10: -73365961 | H10: 194.304.468 | I10: 19.163046 | J10: 7665218313 | K10: 400000000 | L10: 0.62620526 | M10: 4800000000 | N10: 48,57 | O10: 16.911376 | P10: 543.65806 | R10: 18.121935 | T10: -5.784894 | U10: 2.4936483 | V10: 41.306602 | W10: 52.591965 | X10: 46.574821
A11: AGESA | B11: 60 | C11: TL | D11: 53216.611 | E11: 264.5 | F11: Sigorta Sirketleri | G11: 2089864424 | H11: 35.803.427 | I11: 54,85 | J11: 10363411307 | K11: 0 | L11: 4,56 | M11: 45.000.000.000 | N11: 19,89 | O11: 42.089485 | P11: 3000 | R11: 100 | T11: 26.235327 | U11: 371.97023 | V11: 48.862973 | W11: 55.487723 | X11: 67.266408
A12: AGHOL | B12: 60 | C12: TL | D12: -7067.9306 | E12: 32.38 | F12: Holdingler ve Yatırım Sirketleri | G12: 6206650000 | H12: 888.701.268 | I12: 51.928031 | J12: 126462671000 | K12: 2435345000 | L12: 0.57772265 | M12: 73060350000 | N12: 36,49 | O12: 53.061317 | P12: 1092.9814 | R12: 36.432713 | T12: 15.273501 | U12: 27.612426 | V12: 56.06937 | W12: 31.216327 | X12: 60.920518
A13: AGROT | B13: 60 | C13: TL | D13: -1094.0038 | E13: 2 | F13: Tarım Ormancılık ve Balıkçılık | G13: -166416272 | H13: 958.660.172 | I13: 3.3094763 | J13: 7942743158 | K13: 2400000000 | L13: 0.60432522 | M13: 4800000000 | N13: 39,94 | O13: 23.968719 | P13: 49.396899 | Q13: %100, bedelsiz | R13: 1.6465633 | T13: -3.2895168 | V13: 35.697988 | W13: 48.870242 | X13: 43.750506
A14: AGYO | B14: 60 | C14: TL | D14: -462.4142 | E14: 7.34 | F14: Gayrimenkul Yatırım Ortaklıkları | G14: -94693699 | H14: 48.209.040 | I14: 23.850955 | J14: 6280910429 | K14: 263340000 | L14: 0.2934893 | M14: 1843380000 | N14: 18,30 | O14: 14.753633 | P14: 422.59838 | R14: 14.086613 | T14: -3.4243927 | U14: 3.1138174 | V14: 40.573058 | W14: 49.182709 | X14: 49.490477
A15: AHGAZ | B15: 60 | C15: TL | D15: 9695.3971 | E15: 38.5 | F15: Elektrik , Gaz ve Su | G15: 3203485026 | H15: 387.970.634 | I15: 21.038995 | J15: 54701388025 | K15: 2600000000 | L15: 1.8061699 | M15: 98800000000 | N15: 14,92 | O15: 65.787101 | P15: 3000 | R15: 100 | T15: 10.39947 | U15: 44.994135 | V15: 34.335747 | W15: 46.988911 | X15: 58.710835
A16: AHSGY | B16: 60 | C16: TL | D16: -5268.9013 | E16: 16.3 | F16: Gayrimenkul Yatırım Ortaklıkları | G16: -66130209 | H16: 112.720.027 | I16: 13.914753 | J16: 10039494449 | K16: 721500000 | L16: 1.293591 | M16: 12987000000 | N16: 15,62 | O16: 22.219954 | P16: 401.7208 | R16: 13.390693 | T16: -1.329322 | V16: 45.599581 | W16: 52.101497 | X16: 63.798602
A17: AKBNK | B17: 60 | C17: TL | D17: 11119.17 | E17: 71.95 | F17: Bankalar | G17: 0 | H17: 2.764.762.881 | I17: 58.187428 | J17: 302574628000 | K17: 5200000000 | L17: 1.2545665 | M17: 379600000000 | N17: 53,16 | O17: 462.14763 | P17: 1318.2939 | R17: 43.943129 | T17: -32.814578 | U17: 60.38784 | V17: 43.337712 | W17: 65.295909 | X17: 51.843757
A18: AKCNS | B18: 60 | C18: TL | D18: 20843.677 | E18: 240.1 | F18: Tas ve Toprağa Dayalı | G18: -324227000 | H18: 39.326.844 | I18: 142.10057 | J18: 27204728000 | K18: 191447000 | L18: 1.7030192 | M18: 46330174000 | N18: 20,54 | O18: 28.74887 | P18: 1734.6594 | R18: 57.821978 | T18: 229.10887 | U18: 281.74099 | V18: 65.574461 | W18: 59.985541 | X18: 72.155489
A19: AKENR | B19: 60 | C19: TL | D19: -492.86625 | E19: 10.48 | F19: Elektrik , Gaz ve Su | G19: 389489000 | H19: 184.162.025 | I19: 19.958286 | J19: 14552864000 | K19: 729164000 | L19: 0.50104502 | M19: 7291640000 | N19: 25,25 | O19: 65.824283 | P19: 491.88432 | R19: 16.396144 | T19: -5.9294694 | U19: 3.3911368 | V19: 41.101733 | W19: 52.066758 | X19: 49.100118
A20: AKFGY | B20: 60 | C20: TL | D20: -347.37636 | E20: 2.55 | F20: Gayrimenkul Yatırım Ortaklıkları | G20: 86736503 | H20: 1.726.023.676 | I20: 9.1188145 | J20: 35563376411 | K20: 3900000000 | L20: 0.21932676 | M20: 7800000000 | N20: 44,25 | O20: 27.065497 | P20: 406.41145 | R20: 13.547048 | T20: -0.64818775 | U20: 1.5997884 | V20: 36.690139 | W20: 44.904434 | X20: 52.934752
A21: AKFIS | B21: 60 | C21: TL | D21: 8808.398 | E21: 17 | F21: İnsaat ve Bayındırlık | G21: 810045000 | H21: 66.826.562 | I21: 56.040108 | J21: 35674236000 | K21: 636584000 | L21: 0.32119853 | M21: 11458512000 | N21: 10,49 | O21: 43.31209 | P21: 2301.1627 | Q21: %500, bedelsiz | R21: 76.705424 | T21: 182.48842 | V21: 54.411979 | W21: 40.191468 | X21: 88.222712
A22: AKFYE | B22: 60 | C22: TL | D22: -3165.6531 | E22: 22.78 | F22: Elektrik , Gaz ve Su | G22: 485076000 | H22: 294.010.634 | I22: 52.055791 | J22: 62308804000 | K22: 1196962000 | L22: 0.44183365 | M22: 27530126000 | N22: 24,56 | O22: 23.563855 | P22: 886.70733 | R22: 29.556911 | T22: 7.9575125 | U22: 11.803354 | V22: 43.748934 | W22: 33.16522 | X22: 59.384539
A23: AKGRT | B23: 60 | C23: TL | D23: -1532.9064 | E23: 6.17 | F23: Sigorta Sirketleri | G23: 3157815002 | H23: 451.234.908 | I23: 4,85 | J23: 7810665698 | K23: 0 | L23: 1,47 | M23: 11.477.440.000 | N23: 27,99 | O23: 63.42638 | P23: 845.01523 | R23: 28.167174 | T23: -4.2470016 | U23: 3.2905069 | V23: 26.962411 | W23: 31.0955 | X23: 48.273397
A24: AKHAN | B24: 60 | C24: TL | D24: 151214 | E24: 40.4 | F24: Gıda , İçecek ve Tütün | G24: 13511423 | H24: 54.497.838 | I24: 19.021287 | J24: 5199468670 | K24: 273350000 | L24: 2.1029072 | M24: 10934000000 | N24: 19,93 | O24: 50.381944 | R24: =IF(OR(H24="", H25="", Q24=0), "", IF(H24<H25, LN(H25/H24)/10, "")) | V24: 53.532467 | W24: 45.644684
A25: AKMGY | B25: 60 | C25: TL | D25: 45337.135 | E25: 258.5 | F25: Gayrimenkul Yatırım Ortaklıkları | G25: 25223013 | H25: 3.365.585 | I25: 283.92398 | J25: 10580143341 | K25: 37264000 | L25: 0.95448083 | M25: 10098544000 | N25: 9,03 | O25: 19.320532 | P25: 1251.2526 | R25: 41.708419 | T25: 27.842339 | U25: 171.54513 | V25: 55.577579 | W25: 44.018415 | X25: 57.465741
A26: AKSA | B26: 60 | C26: TL | D26: -3409.2013 | E26: 10.7 | F26: Kimya , İlaç , Petrol , Lastik ve Plastik Ürünler | G26: 617790000 | H26: 1.198.914.348 | I26: 8.6615763 | J26: 33650224000 | K26: 3885000000 | L26: 1.2699767 | M26: 42735000000 | N26: 30,86 | O26: 54.813733 | P26: 980.5596 | R26: 32.68532 | T26: 6.0174523 | U26: 8.2232071 | V26: 54.761123 | W26: 29.599458 | X26: 59.792942
A27: AKSEN | B27: 60 | C27: TL | D27: -32198.026 | E27: 78.55 | F27: Elektrik , Gaz ve Su | G27: 795959146 | H27: 238.538.732 | I27: 52.30414 | J27: 64142566183 | K27: 1226338236 | L27: 1.5868725 | M27: 101786073588 | N27: 19,45 | O27: 49.584664 | P27: 986.70018 | R27: 32.890006 | T27: 11.93376 | U27: 134.83351 | V27: 33.690787 | W27: 44.440157 | X27: 62.683919
A28: AKSGY | B28: 60 | C28: TL | D28: 1410.1655 | E28: 9.97 | F28: Gayrimenkul Yatırım Ortaklıkları | G28: 164632000 | H28: 1.289.753.751 | I28: 20.385911 | J28: 49231975000 | K28: 2415000000 | L28: 0.49053486 | M28: 24150000000 | N28: 53,40 | O28: 17.414726 | P28: 2581.8504 | R28: 86.061679 | T28: 3.5461149 | U28: 11.228601 | V28: 56.829391 | W28: 47.380842 | X28: 71.467025
A29: AKSUE | B29: 60 | C29: TL | D29: -22131.857 | E29: 30.3 | F29: Elektrik , Gaz ve Su | G29: -21593090 | H29: 53.070.769 | I29: 14.99585 | J29: 989726098 | K29: 66000000 | L29: 2.4673493 | M29: 2442000000 | N29: 80,41 | O29: 12.387574 | P29: 1013.5737 | R29: 33.78579 | T29: 55.84608 | U29: 68.645705 | V29: 53.58324 | W29: 61.554028 | X29: 77.072005
A30: AKYHO | B30: 60 | C30: TL | D30: -579.74225 | E30: 2.06 | F30: Holdingler ve Yatırım Sirketleri | G30: -24015799 | H30: 192.870.518 | I30: 2.6163825 | J30: 659872586 | K30: 252208000 | L30: 0.76441424 | M30: 504416000 | N30: 77,71 | O30: 14.838191 | P30: 404.63731 | R30: 13.48791 | T30: -2.4073526 | U30: -3.4264242 | V30: 35.175366 | W30: 47.818664 | X30: 40.499917
A31: ALARK | B31: 60 | C31: TL | D31: 13893.035 | E31: 107.9 | F31: Holdingler ve Yatırım Sirketleri | G31: 116650000 | H31: 143.017.654 | I31: 189.23298 | J31: 82316348000 | K31: 435000000 | L31: 0.58129401 | M31: 47850000000 | N31: 34,29 | O31: 35.711426 | P31: 1923.2367 | R31: 64.107888 | T31: 26.723118 | U31: 44.311302 | V31: 52.595048 | W31: 41.442327 | X31: 55.351331
A32: ALBRK | B32: 60 | C32: TL | D32: 1857.7095 | E32: 8.68 | F32: Bankalar | G32: 0 | H32: 1.007.169.114 | I32: 10,23 | J32: 29439691000 | K32: 0 | L32: 0,83 | M32: 21.250.000.000 | N32: 40,28 | O32: 347.93631 | P32: 2129.0792 | R32: 70.969308 | T32: -0.78756876 | U32: 7.7816913 | V32: 51.397619 | W32: 54.677961 | X32: 58.311492
A33: ALCAR | B33: 60 | C33: TL | D33: -225806.34 | E33: 671 | F33: Metal Esya,Makine,Elektrikli Cihazlar,Ulasım Araç | G33: -67675452 | H33: 1.717.981 | I33: 188.25807 | J33: 2033187111 | K33: 10800000 | L33: 3.6917409 | M33: 7506000000 | N33: 15,90 | O33: 65.324546 | P33: 164.59701 | R33: 5.4865672 | T33: -449.49961 | U33: -513.16366 | V33: 39.84727 | W33: 45.076966 | X33: 41.92919
A34: ALCTL | B34: 60 | C34: TL | D34: -111146.84 | E34: 116.1 | F34: Teknoloji - Bilisim | G34: -6595639 | H34: 13.534.167 | I34: 86.244615 | J34: 3337733172 | K34: 38700772 | L34: 1.3913912 | M34: 4644092640 | N34: 34,97 | O34: 45.162762 | P34: 656.86064 | R34: 21.895355 | T34: 50.474506 | U34: 148.86008 | V34: 36.747551 | W34: 21.977141 | X34: 54.896984
A35: ALFAS | B35: 60 | C35: TL | D35: -9151.6752 | E35: 40 | F35: Elektrik , Gaz ve Su | G35: 48198916 | H35: 84.545.682 | I35: 15.956985 | J35: 5872170565 | K35: 368000000 | L35: 2.5694077 | M35: 15088000000 | N35: 22,97 | O35: 54.967135 | P35: 204.43746 | R35: 6.8145819 | T35: -22.489224 | U35: -60.485455 | V35: 34.611213 | W35: 37.904985 | X35: 46.921299
A36: ALGYO | B36: 60 | C36: TL | D36: -3.01121 | E36: 3.62 | F36: Gayrimenkul Yatırım Ortaklıkları | G36: 57488849 | H36: 886.891.574 | I36: 8.6681073 | J36: 17584122383 | K36: 2028600000 | L36: 0.34609632 | M36: 6085800000 | N36: 43,71 | O36: 39.09075 | P36: 424.00617 | R36: 14.133539 | T36: -7.5001579 | U36: 5.0072926 | V36: 30.959513 | W36: 51.605159 | X36: 46.234799
A37: ALKA | B37: 60 | C37: TL | D37: -1138.8926 | E37: 8.11 | F37: Kağıt, Kağıt Ürünleri Basım | G37: -78670547 | H37: 139.256.457 | I37: 3.0074751 | J37: 2210494206 | K37: 735000000 | L37: 2.6600386 | M37: 5880000000 | N37: 18,94 | O37: 41.986458 | P37: 404.83019 | R37: 13.49434 | T37: -10.604499 | U37: 6.6290221 | V37: 34.777588 | W37: 41.85251 | X37: 47.462143
A38: ALKIM | B38: 60 | C38: TL | D38: -2531.486 | E38: 15.45 | F38: Kimya , İlaç , Petrol , Lastik ve Plastik Ürünler | G38: -211813709 | H38: 140.647.705 | I38: 14.938622 | J38: 4481586649 | K38: 300000000 | L38: 1.0041087 | M38: 4500000000 | N38: 46,88 | O38: 30.458783 | P38: 423.90242 | R38: 14.130081 | T38: -12.773467 | U38: 1.5120313 | V38: 34.297022 | W38: 34.791321 | X38: 46.17822
A39: ALKLC | B39: 60 | C39: TL | D39: 80150.444 | E39: 427 | F39: Gıda , İçecek ve Tütün | G39: -54281567 | H39: 44.440.303 | I39: 25.565131 | J39: 2863294706 | K39: 112000000 | L39: 16.702437 | M39: 47824000000 | N39: 39,67 | O39: 58.752859 | P39: 2742.8364 | R39: 91.42788 | T39: 560.79916 | V39: 70.831058 | W39: 54.872931 | X39: 91.656659
A40: ALTNY | B40: 60 | C40: TL | D40: 5210.7379 | E40: 17.4 | F40: Teknoloji - Savunma | G40: -78845344 | H40: 371.308.342 | I40: 5.0341635 | J40: 5034163461 | K40: 1000000000 | L40: 3.5755692 | M40: 18000000000 | N40: 37,13 | O40: 49.203279 | P40: 1752.8115 | Q40: %325, bedelsiz | R40: 58.42705 | T40: -1.7537611 | V40: 49.287006 | W40: 69.091097 | X40: 45.990593
A41: ALVES | B41: 60 | C41: TL | D41: -1918.5667 | E41: 1.38 | F41: Metal Esya,Makine,Elektrikli Cihazlar,Ulasım Araç | G41: 11183518 | H41: 1.359.103.256 | I41: 1.8779199 | J41: 3004671884 | K41: 1600000000 | L41: 0.53250407 | M41: 1600000000 | N41: 84,94 | O41: 67.212998 | P41: 284.02657 | Q41: %900, bedelsiz | R41: 9.4675524 | T41: -5.6017856 | V41: 20.464396 | W41: 44.779553 | X41: 43.605268
A42: ANELE | B42: 60 | C42: TL | D42: 178840.39 | E42: 193 | F42: İnsaat ve Bayındırlık | G42: -401833475 | H42: 112.256.375 | I42: 8.5926226 | J42: 2277044993 | K42: 265000000 | L42: 21.762855 | M42: 49555000000 | N42: 42,36 | O42: 81.649201 | P42: 3000 | R42: 100 | T42: 301.91127 | U42: 234.91858 | V42: 59.392501 | W42: 71.212211 | X42: 92.975237
A43: ANGEN | B43: 60 | C43: TL | D43: -1774.1948 | E43: 8.96 | F43: Kimya , İlaç , Petrol , Lastik ve Plastik Ürünler | G43: -145428477 | H43: 78.150.914 | I43: 7.9481793 | J43: 1748599456 | K43: 220000000 | L43: 1.1323348 | M43: 1980000000 | N43: 35,52 | O43: 32.802737 | P43: 245.68858 | R43: 8.1896192 | T43: -9.433139 | U43: -8.7832085 | V43: 28.138896 | W43: 49.676236 | X43: 39.074939
A44: ANHYT | B44: 60 | C44: TL | D44: -8216.6135 | E44: 104.7 | F44: Sigorta Sirketleri | G44: 1459724461 | H44: 64.744.271 | I44: 24,65 | J44: 11342832137 | K44: 0 | L44: 4,15 | M44: 43.989.000.000 | N44: 15,05 | O44: 86.723234 | P44: 520.75935 | R44: 17.358645 | T44: 33.482007 | U44: 108.4229 | V44: 55.728162 | W44: 32.250896 | X44: 60.400686
A45: ANSGR | B45: 60 | C45: TL | D45: -1731.1444 | E45: 26.86 | F45: Sigorta Sirketleri | G45: 9395308662 | H45: 694.738.754 | I45: 21,17 | J45: 35288102843 | K45: 0 | L45: 1,34 | M45: 56.800.000.000 | N45: 34,73 | O45: 37.409961 | P45: 927.23825 | R45: 30.907942 | T45: 6.9314677 | U45: 26.689677 | V45: 53.556231 | W45: 60.77636 | X45: 61.334533
A46: ARASE | B46: 60 | C46: TL | D46: 19734.374 | E46: 125 | F46: Elektrik , Gaz ve Su | G46: 438581833 | H46: 43.649.665 | I46: 89.577306 | J46: 22394326381 | K46: 250000000 | L46: 1.3507886 | M46: 30250000000 | N46: 17,45 | O46: 26.304376 | P46: 2428.7546 | R46: 80.958488 | T46: 30.429937 | U46: 160.95241 | V46: 34.584089 | W46: 51.792507 | X46: 74.131209
A47: ARCLK | B47: 60 | C47: TL | D47: -17798.549 | E47: 90.25 | F47: Metal Esya,Makine,Elektrikli Cihazlar,Ulasım Araç | G47: -2214344000 | H47: 116.818.773 | I47: 108.497 | J47: 73314458000 | K47: 675728000 | L47: 0.85716659 | M47: 62842704000 | N47: 17,28 | O47: 86.052572 | P47: 404.77917 | R47: 13.492639 | T47: -57.341287 | U47: -66.941433 | V47: 41.373531 | W47: 49.723186 | X47: 41.326622
A48: ARDYZ | B48: 60 | C48: TL | D48: 42491.02 | E48: 82.35 | F48: Teknoloji - Bilisim | G48: 307486341 | H48: 127.238.255 | I48: 18.242283 | J48: 5879015160 | K48: 322274086 | L48: 4.9335929 | M48: 29004667740 | N48: 39,48 | O48: 31.80744 | P48: 2132.5614 | R48: 71.085381 | T48: 143.64319 | U48: 104.04672 | V48: 69.855139 | W48: 40.067651 | X48: 79.162858
A49: ARENA | B49: 60 | C49: TL | D49: -6385.0977 | E49: 20.3 | F49: Teknoloji - Bilisim | G49: -304722758 | H49: 50.595.195 | I49: 18.694761 | J49: 1869476072 | K49: 100000000 | L49: 1.1768003 | M49: 2200000000 | N49: 50,59 | O49: 84.422833 | P49: 424.62286 | R49: 14.154095 | T49: -37.838079 | U49: -19.448508 | V49: 26.552765 | W49: 43.587318 | X49: 42.909461
A50: ARFYE | B50: 60 | C50: TL | D50: -23857.797 | E50: 19.93 | F50: Elektrik , Gaz ve Su | G50: 8309193 | H50: 46.995.371 | I50: 11.278074 | J50: 2062053729 | K50: 182837401 | L50: 1.7733524 | M50: 3656748020 | N50: 25,70 | O50: 23.048177 | P50: 442.32877 | R50: 14.744292 | V50: 24.08875 | W50: 15.649258
A51: ARMGD | B51: 60 | C51: TL | D51: 6882.5501 | E51: 185.7 | F51: Gıda , İçecek ve Tütün | G51: 576150738 | H51: 46.937.992 | I51: 26.967689 | J51: 7118953178 | K51: 263980843 | L51: 7.4162826 | M51: 52796168600 | N51: 17,78 | O51: 57.822748 | P51: 1321.6378 | R51: 44.054593 | T51: 319.4798 | V51: 49.739764 | W51: 55.804555 | X51: 87.859216
A52: ARSAN | B52: 60 | C52: TL | D52: 2300.34 | E52: 4.08 | F52: Tekstil , Giyim Esyası ve Deri | G52: 527350742 | H52: 624.905.562 | I52: 6.9099205 | J52: 12175279869 | K52: 1762000000 | L52: 0.57887786 | M52: 7048000000 | N52: 35,46 | O52: 17.813851 | P52: 2769.7824 | R52: 92.32608 | T52: -0.59849398 | U52: 4.1138975 | V52: 49.313434 | W52: 50.650317 | X52: 59.117169
A53: ARTMS | B53: 60 | C53: TL | D53: 389.35931 | E53: 42.3 | F53: Tekstil , Giyim Esyası ve Deri | G53: 13856774 | H53: 19.831.706 | I53: 34.706875 | J53: 2429481251 | K53: 70000000 | L53: 1.1525094 | M53: 2800000000 | N53: 28,33 | O53: 27.50913 | P53: 1826.1604 | R53: 60.872012 | T53: -18.966406 | V53: 37.934507 | W53: 34.650284 | X53: 44.603423
A54: ARZUM | B54: 60 | C54: TL | D54: -424.04004 | E54: 1.63 | F54: Toptan Ticaret | G54: -82587584 | H54: 399.459.940 | I54: -0.70282038 | J54: -421692226 | K54: 600000000 | L54: -2,92 | M54: 600000000 | N54: 66,57 | O54: 114.70553 | P54: 708.25447 | Q54: %100, bedelli | R54: 23.608482 | T54: -4.28147 | U54: -5.2684573 | V54: 29.023251 | W54: 45.770698 | X54: 36.481285
A55: ASELS | B55: 60 | C55: TL | D55: 78643.252 | E55: 384.5 | F55: Teknoloji - Savunma | G55: 5549453000 | H55: 1.175.783.874 | I55: 61.639006 | J55: 281073867000 | K55: 4560000000 | L55: 6.5542913 | M55: 1842240000000 | N55: 25,78 | O55: 41.705801 | P55: 1949.7437 | R55: 64.991457 | T55: 78.406501 | U55: 760.66723 | V55: 47.807547 | W55: 72.958919 | X55: 71.925785
A56: ASGYO | B56: 60 | C56: TL | D56: -1058.5982 | E56: 10.95 | F56: Gayrimenkul Yatırım Ortaklıkları | G56: 4303189114 | H56: 145.663.029 | I56: 39.96816 | J56: 26339017679 | K56: 659000000 | L56: 0.27521907 | M56: 7249000000 | N56: 22,10 | O56: 8.0551703 | P56: 460.95495 | R56: 15.365165 | T56: -1.6268659 | V56: 47.606641 | W56: 54.641452 | X56: 44.440303
A57: ASTOR | B57: 60 | C57: TL | D57: 72067.954 | E57: 316.75 | F57: Metal Esya,Makine,Elektrikli Cihazlar,Ulasım Araç | G57: 1811756765 | H57: 426.098.408 | I57: 38.480527 | J57: 38403565895 | K57: 998000000 | L57: 9.0695224 | M57: 348302000000 | N57: 42,69 | O57: 34.499223 | P57: 1506.6492 | R57: 50.221639 | T57: 305.93541 | U57: 523.54954 | V57: 50.144454 | W57: 74.205569 | X57: 76.491712
A58: ASUZU | B58: 60 | C58: TL | D58: -11250.275 | E58: 47.48 | F58: Metal Esya,Makine,Elektrikli Cihazlar,Ulasım Araç | G58: -270919855 | H58: 36.397.486 | I58: 62.944778 | J58: 15862084113 | K58: 252000000 | L58: 0.76257318 | M58: 12096000000 | N58: 14,44 | O58: 61.680935 | P58: 430.08633 | R58: 14.336211 | T58: -52.067851 | U58: -21.439825 | V58: 32.335655 | W58: 25.311056 | X58: 43.160349
A59: ATAGY | B59: 60 | C59: TL | D59: -2684.8629 | E59: 9.96 | F59: Gayrimenkul Yatırım Ortaklıkları | G59: -11680733 | H59: 24.419.507 | I59: 16.653767 | J59: 791053925 | K59: 47500000 | L59: 0.60046475 | M59: 475000000 | N59: 51,40 | O59: 18.320807 | P59: 704.44358 | R59: 23.481453 | T59: -11.166427 | U59: 4.131469 | V59: 31.642954 | W59: 56.709942 | X59: 44.835151
A60: ATAKP | B60: 60 | C60: TL | D60: -16548.168 | E60: 42.92 | F60: Gıda , İçecek ve Tütün | G60: -104220162 | H60: 27.728.836 | I60: 49.052807 | J60: 6806959890 | K60: 138768000 | L60: 0.9173787 | M60: 6244560000 | N60: 19,98 | O60: 10.508051 | P60: 364.23281 | R60: 12.141094 | T60: -31.185017 | U60: -0.17993134 | V60: 30.632352 | W60: 28.951235 | X60: 39.647952
A61: ATATP | B61: 60 | C61: TL | D61: 179595.63 | E61: 297 | F61: Teknoloji - Bilisim | G61: 771275247 | H61: 18.316.268 | I61: 56.07172 | J61: 5256723777 | K61: 93750000 | L61: 5.5821366 | M61: 29343750000 | N61: 19,53 | O61: 8.327316 | P61: 2353.3058 | R61: 78.443525 | T61: 442.19107 | U61: 373.31036 | V61: 66.876768 | W61: 47.779903 | X61: 76.473955
A62: ATATR | B62: 60 | C62: TL | D62: 15067 | E62: 13.24 | F62: Oteller ve Lokantalar | G62: 8774774 | H62: 279.778.935 | I62: 6.8320945 | J62: 5485118988 | K62: 802845890 | L62: 2.19552 | M62: 12042688350 | N62: 34,84 | O62: 22.662192 | R62: =IF(OR(H62="", H63="", Q62=0), "", IF(H62<H63, LN(H63/H62)/10, "")) | V62: 40.850467 | W62: 38.411969
A63: ATEKS | B63: 60 | C63: TL | D63: -40398.222 | E63: 96.5 | F63: Tekstil , Giyim Esyası ve Deri | G63: 78553885 | H63: 5.401.109 | I63: 327.97509 | J63: 8264972237 | K63: 25200000 | L63: 0.30185219 | M63: 2494800000 | N63: 21,43 | O63: 24.399332 | P63: 518.79595 | R63: 17.293198 | T63: -9.7146469 | U63: -2.3921328 | V63: 39.956945 | W63: 25.859932 | X63: 49.435411
A64: ATLAS | B64: 60 | C64: TL | D64: -3125.265 | E64: 5.98 | F64: Menkul Kıymet Yatırım Ortaklıkları | G64: 79178091 | H64: 59.507.703 | I64: 9.5902894 | J64: 575417363 | K64: 60000000 | L64: 0.62563284 | M64: 360000000 | N64: 99,17 | O64: 0.51175372 | P64: 425.34467 | R64: 14.178156 | T64: -4.5479742 | U64: 7.3386222 | V64: 31.364788 | W64: 33.71889 | X64: 51.653102
A65: ATSYH | B65: 60 | C65: TL | D65: 36487.167 | E65: 129 | F65: Holdingler ve Yatırım Sirketleri | G65: -631248 | H65: 7.994.581 | I65: 15.500314 | J65: 124002509 | K65: 8000000 | L65: 7.677264 | M65: 952000000 | N65: 99,93 | O65: 29.700334 | P65: 2725.625 | R65: 90.854166 | T65: 128.86497 | U65: 105.00622 | V65: 44.882974 | W65: 57.60023 | X65: 63.11628
A66: AVGYO | B66: 60 | C66: TL | D66: 867.90284 | E66: 15 | F66: Gayrimenkul Yatırım Ortaklıkları | G66: 84066155 | H66: 58.125.256 | I66: 21.318938 | J66: 2379193448 | K66: 111600000 | L66: 0.70359979 | M66: 1674000000 | N66: 52,08 | O66: 12.560143 | P66: 1132.5235 | R66: 37.750782 | T66: 6.1120935 | U66: 16.048074 | V66: 49.705746 | W66: 77.579473 | X66: 59.689745
A67: AVHOL | B67: 60 | C67: TL | D67: -10167.583 | E67: 34.98 | F67: Holdingler ve Yatırım Sirketleri | G67: -336099310 | H67: 26.585.895 | I67: 23.797406 | J67: 886453369 | K67: 37250000 | L67: 1.5127699 | M67: 1341000000 | N67: 71,37 | O67: 38.787078 | P67: 100.02062 | R67: 3.3340208 | T67: -4.1058108 | U67: 6.9260346 | V67: 48.384094 | W67: 59.01146 | X67: 49.600856
A68: AVOD | B68: 60 | C68: TL | D68: -159.3238 | E68: 3.9 | F68: Gıda , İçecek ve Tütün | G68: -34355927 | H68: 253.187.599 | I68: 4.8154569 | J68: 1300173375 | K68: 270000000 | L68: 0.62299384 | M68: 810000000 | N68: 93,77 | O68: 48.80029 | P68: 1234.0587 | R68: 41.135292 | T68: -2.5246906 | U68: 2.6015917 | V68: 37.741427 | W68: 58.290944 | X68: 50.235028
A69: AVPGY | B69: 60 | C69: TL | D69: 5984.5505 | E69: 56.9 | F69: Gayrimenkul Yatırım Ortaklıkları | G69: 157582227 | H69: 86.717.521 | I69: 111.04917 | J69: 44419666520 | K69: 400000000 | L69: 0.49527612 | M69: 22000000000 | N69: 21,67 | O69: 20.376992 | P69: 2095.3621 | R69: 69.845405 | T69: -23.516365 | V69: 38.36321 | W69: 48.270858 | X69: 48.463699
A70: AVTUR | B70: 60 | C70: TL | D70: -6803.8891 | E70: 11.98 | F70: Oteller ve Lokantalar | G70: 4012898 | H70: 30.943.805 | I70: 29.070794 | J70: 1308185749 | K70: 45000000 | L70: 0.41278542 | M70: 540000000 | N70: 68,76 | O70: 1.7170568 | P70: 481.85327 | R70: 16.061776 | T70: -20.52542 | U70: 15.437252 | V70: 26.183514 | W70: 45.656245 | X70: 46.292999
A71: AYCES | B71: 60 | C71: TL | D71: -138606.63 | E71: 449.25 | F71: Oteller ve Lokantalar | G71: -47172595 | H71: 1.868.281 | I71: 208.86394 | J71: 5221598542 | K71: 25000000 | L71: 2.2742078 | M71: 11875000000 | N71: 7,47 | O71: 22.602354 | P71: 661.57365 | R71: 22.052455 | T71: -766.79607 | U71: 382.74205 | V71: 30.954199 | W71: 45.439233 | X71: 47.814486
A72: AYDEM | B72: 60 | C72: TL | D72: 5190.9537 | E72: 26.3 | F72: Elektrik , Gaz ve Su | G72: 301575390 | H72: 129.924.835 | I72: 58.25698 | J72: 41071171048 | K72: 705000000 | L72: 0.46346378 | M72: 19035000000 | N72: 18,42 | O72: 45.062376 | P72: 1942.073 | R72: 64.735768 | T72: -9.6948611 | U72: 11.855445 | V72: 36.548869 | W72: 49.797852 | X72: 51.215201
A73: AYEN | B73: 60 | C73: TL | D73: -7289.3303 | E73: 31 | F73: Elektrik , Gaz ve Su | G73: 149659919 | H73: 46.985.780 | I73: 67.33667 | J73: 18685926047 | K73: 277500000 | L73: 0.46037322 | M73: 8602500000 | N73: 16,93 | O73: 30.20788 | P73: 493.08945 | R73: 16.436315 | T73: 2.6348584 | U73: 18.367888 | V73: 44.059175 | W73: 41.408925 | X73: 56.423612
A74: AYES | B74: 60 | C74: TL | D74: -1454.382 | E74: 30.48 | F74: Metal Esya,Makine,Elektrikli Cihazlar,Ulasım Araç | G74: 1.035.049.529 | H74: 88.296.327 | I74: 20,27 | J74: 3.039.844.844 | K74: 150.000.000 | L74: 1,57 | M74: 4.776.000.000 | N74: 58,86 | O74: 30.20788 | P74: 795.94058 | R74: 26.531353 | T74: 22.216656 | U74: 63.76077 | V74: 49.779242 | W74: 48.762427 | X74: 69.610701
A75: AYGAZ | B75: 60 | C75: TL | D75: 170324.31 | E75: 331.5 | F75: Kimya , İlaç , Petrol , Lastik ve Plastik Ürünler | G75: 134970000 | H75: 51.918.782 | I75: 324.73938 | J75: 71378041000 | K75: 219801000 | L75: 1.0100407 | M75: 72094728000 | N75: 23,62 | O75: 13.468949 | P75: 2966.1806 | R75: 98.872686 | T75: 245.96098 | U75: 345.26258 | V75: 63.152127 | W75: 62.997973 | X75: 65.460321
A76: AZTEK | B76: 60 | C76: TL | D76: -2108.7912 | E76: 3.72 | F76: Teknoloji - Bilisim | G76: -154583940 | H76: 255.252.210 | I76: 1.9148681 | J76: 1914868068 | K76: 1000000000 | L76: 1.5666876 | M76: 3000000000 | N76: 25,52 | O76: 65.118209 | P76: 167.90856 | Q76: %900, bedelsiz | R76: 5.596952 | T76: 0.59264765 | U76: -1.8107942 | V76: 62.080213 | W76: 61.944991 | X76: 50.457625
A77: BAGFS | B77: 60 | C77: TL | D77: 4250.9023 | E77: 26.1 | F77: Kimya , İlaç , Petrol , Lastik ve Plastik Ürünler | G77: -3113021 | H77: 82.584.239 | I77: 59.592408 | J77: 8044975103 | K77: 135000000 | L77: 0.43629719 | M77: 3510000000 | N77: 61,17 | O77: 47.132455 | P77: 1471.1961 | R77: 49.039869 | T77: -27.563536 | U77: 3.7476573 | V77: 38.163174 | W77: 48.085519 | X77: 45.277626
A78: BAHKM | B78: 60 | C78: TL | D78: 102177.25 | E78: 161.6 | F78: Kimya , İlaç , Petrol , Lastik ve Plastik Ürünler | G78: -13999310 | H78: 18.044.424 | I78: 24.03397 | J78: 1321868358 | K78: 55000000 | L78: 6.6156361 | M78: 8745000000 | N78: 32,80 | O78: 13.254381 | P78: 3000 | R78: 100 | T78: 47.015091 | V78: 49.482498 | W78: 57.458723 | X78: 68.233852
A79: BAKAB | B79: 60 | C79: TL | D79: -22757.168 | E79: 39.3 | F79: Kağıt, Kağıt Ürünleri Basım | G79: 46315316 | H79: 12.606.715 | I79: 42.786848 | J79: 3080653025 | K79: 72000000 | L79: 0.91149506 | M79: 2808000000 | N79: 17,50 | O79: 52.822499 | P79: 376.16372 | R79: 12.538791 | T79: 5.0358661 | U79: 17.350536 | V79: 46.795473 | W79: 54.711415 | X79: 55.91922
A80: BALAT | B80: 60 | C80: TL | D80: -8185.0652 | E80: 69 | F80: Metal Esya,Makine,Elektrikli Cihazlar,Ulasım Araç | G80: -27.125.850 | H80: 13.431.647 | I80: 3,77 | J80: 52.360.538 | K80: 13.878.486 | L80: 16,42 | M80: 859.772.267 | N80: 96,78 | O80: 52.822499 | P80: 293.9469 | R80: 9.7982301 | T80: -50.300122 | U80: 95.045283 | V80: 47.263435 | W80: 52.754104 | X80: 52.825206
A81: BALSU | B81: 60 | C81: TL | D81: -11305.921 | E81: 9.6 | F81: Gıda , İçecek ve Tütün | G81: -160.816.500 | H81: 277.982.633 | I81: 3,96 | J81: 4.399.219.392 | K81: 1.112.000.000 | L81: 4,72 | M81: 20.761.040.000 | N81: 24,99 | O81: 52.822499 | P81: 91.368829 | R81: 3.0456276 | T81: -21.829249 | V81: 31.998685 | W81: 34.97134 | X81: 39.728862
A82: BANVT | B82: 60 | C82: TL | D82: -15313.563 | E82: 151.8 | F82: Gıda , İçecek ve Tütün | G82: -796663172 | H82: 8.292.297 | I82: 113.83425 | J82: 11386108733 | K82: 100023579 | L82: 1.3791983 | M82: 15703701903 | N82: 8,29 | O82: 54.512083 | P82: 258.0706 | R82: 8.6023533 | T82: -49.032411 | U82: -131.08319 | V82: 44.301324 | W82: 41.925787 | X82: 43.445092
A83: BARMA | B83: 60 | C83: TL | D83: -75723.208 | E83: 8.5 | F83: Kağıt, Kağıt Ürünleri Basım | G83: -20576283 | H83: 75.351.631 | I83: 18.10153 | J83: 4751651642 | K83: 262500000 | L83: 0.49719554 | M83: 2362500000 | N83: 28,70 | O83: 67.70936 | P83: 565.65946 | R83: 18.855315 | T83: -205.036 | V83: 7.0110718 | W83: 0.020821229 | X83: 38.752022
A84: BASCM | B84: 60 | C84: TL | D84: 1480.3509 | E84: 13.78 | F84: Tas ve Toprağa Dayalı | G84: 392.044.758 | H84: 49.182.918 | I84: 11,87 | J84: 7.835.710.127 | K84: 660.000.000 | L84: 1,20 | M84: 9.424.800.000 | N84: 7,45 | O84: 67.70936 | P84: 582.37902 | R84: 19.412634 | T84: -6.4627509 | U84: 8.6919197 | V84: 32.343402 | W84: 52.703594 | X84: 50.029279
A85: BASGZ | B85: 60 | C85: TL | D85: -2149.6096 | E85: 44.5 | F85: Gayrimenkul Yatırım Ortaklıkları | G85: 2068365799 | H85: 106.980.843 | I85: 47.884656 | J85: 33519259493 | K85: 700000000 | L85: 0.91887471 | M85: 30800000000 | N85: 15,28 | O85: 50.429681 | P85: 1052.9256 | R85: 35.097519 | T85: -18.649873 | U85: 54.254769 | V85: 31.983415 | W85: 55.449705 | X85: 58.142913
A86: BAYRK | B86: 60 | C86: TL | D86: -411.25605 | E86: 4.24 | F86: Kimya , İlaç , Petrol , Lastik ve Plastik Ürünler | G86: 5215990 | H86: 187.952.736 | I86: 0.95168572 | J86: 237921423 | K86: 249999992 | L86: 4.2030682 | M86: 999999968 | N86: 75,18 | O86: 64.053572 | P86: 349.35459 | Q86: %342,75 bedelsiz | R86: 11.645153 | T86: -4.0680422 | U86: -1.3119554 | V86: 35.25971 | W86: 63.500009 | X86: 45.35403
A87: BEGYO | B87: 60 | C87: TL | D87: -358.13847 | E87: 3.5 | F87: Gayrimenkul Yatırım Ortaklıkları | G87: -223530864 | H87: 284.200.897 | I87: 6.7495581 | J87: 5500889819 | K87: 815000000 | L87: 0.44447355 | M87: 2445000000 | N87: 34,87 | O87: 1.8249729 | P87: 358.36397 | R87: 11.945466 | T87: -5.7414242 | V87: 31.75364 | W87: 48.636198 | X87: 45.576152
A88: BERA | B88: 60 | C88: TL | D88: -932.23541 | E88: 13.58 | F88: Holdingler ve Yatırım Sirketleri | G88: 103749729 | H88: 462.866.414 | I88: 47.541397 | J88: 32480282242 | K88: 683200000 | L88: 0.2734459 | M88: 8881600000 | N88: 67,74 | O88: 19.968197 | P88: 1035.5751 | R88: 34.51917 | T88: -18.160018 | U88: 0.84736335 | V88: 33.880845 | W88: 47.942414 | X88: 41.347655
A89: BESLR | B89: 60 | C89: TL | D89: -182.65053 | E89: 12.92 | F89: Gıda , İçecek ve Tütün | G89: 30638765 | H89: 158.432.193 | I89: 28.003774 | J89: 18538498598 | K89: 662000000 | L89: 0.46422314 | M89: 8606000000 | N89: 23,93 | O89: 54.874948 | P89: 331.72842 | R89: 11.057614 | T89: -7.926328 | U89: 1.8440612 | V89: 34.884838 | W89: 71.236447 | X89: 46.415814
A90: BESTE | B90: 60 | C90: TL | D90: 10278 | E90: 32 | F90: Elektrik , Gaz ve Su | G90: -40830850 | H90: 54.564.166 | I90: 23.047372 | J90: 4337630740 | K90: 188205000 | L90: 1.3884446 | M90: 6022560000 | N90: 28,99 | O90: 20.072616 | R90: =IF(OR(H90="", H91="", Q90=0), "", IF(H90<H91, LN(H91/H90)/10, "")) | V90: 43.440213 | W90: 52.838963
A91: BEYAZ | B91: 60 | C91: TL | D91: -4629.9112 | E91: 22.36 | F91: Ulastırma ve Depolama | G91: -162987339 | H91: 24.468.298 | I91: 13.102513 | J91: 1306156803 | K91: 99687500 | L91: 1.7553884 | M91: 2292812500 | N91: 24,54 | O91: 75.860049 | P91: 350.65871 | R91: 11.688624 | T91: -19.550904 | U91: 12.761998 | V91: 41.123475 | W91: 39.301241 | X91: 47.210804
A92: BFREN | B92: 60 | C92: TL | D92: -1914.3143 | E92: 127.1 | F92: Metal Esya,Makine,Elektrikli Cihazlar,Ulasım Araç | G92: 62971520 | H92: 18.936.227 | I92: 5.7119629 | J92: 699845726 | K92: 122522806 | L92: 22.934323 | M92: 16050487586 | N92: 15,45 | O92: 46.872969 | P92: 539.35685 | R92: 17.978562 | T92: -94.476384 | U92: -1063.1089 | V92: 56.084258 | W92: 53.099196 | X92: 33.896329
A93: BIENY | B93: 60 | C93: TL | D93: 2601.7453 | E93: 22 | F93: Tas ve Toprağa Dayalı | G93: -428282693 | H93: 83.034.749 | I93: 38.345238 | J93: 13842631067 | K93: 361000000 | L93: 0.57373486 | M93: 7942000000 | N93: 23,00 | O93: 49.621465 | P93: 1366.7037 | R93: 45.55679 | T93: -24.4488 | U93: -58.821944 | V93: 36.633436 | W93: 44.716507 | X93: 34.744421
A94: BIGCH | B94: 60 | C94: TL | D94: -1948.4542 | E94: 5.57 | F94: Yiyecek ve İçecek Hizmetleri | G94: -32229759 | H94: 285.553.631 | I94: 2.5370707 | J94: 1357332842 | K94: 535000000 | L94: 2.3649321 | M94: 3210000000 | N94: 53,37 | O94: 60.289058 | P94: 231.51024 | R94: 7.7170079 | T94: -6.9504935 | V94: 38.316142 | W94: 37.958904 | X94: 46.0294
A95: BIGEN | B95: 60 | C95: TL | D95: 197736.16 | E95: 186 | F95: Elektrik , Gaz ve Su | G95: -69780713 | H95: 115.481.810 | I95: 5.7945494 | J95: 3343455014 | K95: 577000000 | L95: 31.408827 | M95: 105014000000 | N95: 20,01 | O95: 54.971075 | P95: 3000 | R95: 100 | T95: 420.80306 | V95: 64.589868 | W95: 50.962302 | X95: 96.211866
A96: BIGTK | B96: 60 | C96: TL | D96: 104208.94 | E96: 330 | F96: Yayımcılık | G96: 174328179 | H96: 7.956.887 | I96: 43.172416 | J96: 1459734156 | K96: 33811732 | L96: 8.8714053 | M96: 12949893356 | N96: 23,53 | O96: 26.786695 | P96: 1347.4348 | R96: 44.914494 | T96: 318.79581 | U96: 279.0981 | V96: 57.829678 | W96: 39.394767 | X96: 55.146197
A97: BIMAS | B97: 60 | C97: TL | D97: 78434.722 | E97: 408.25 | F97: Perakende Ticaret | G97: 6551167000 | H97: 825.458.758 | I97: 314.96119 | J97: 188976717000 | K97: 600000000 | L97: 1.3176226 | M97: 249000000000 | N97: 68,78 | O97: 52.098128 | P97: 2043.3777 | R97: 68.112588 | T97: 135.33071 | U97: 485.42669 | V97: 46.242473 | W97: 55.347321 | X97: 76.174191
A98: BINBN | B98: 60 | C98: TL | D98: 5440.281 | E98: 175.4 | F98: Teknoloji - Bilisim | G98: -293057834 | H98: 16.937.535 | I98: 15.936175 | J98: 1784851552 | K98: 112000000 | L98: 11.357807 | M98: 20272000000 | N98: 15,12 | O98: 15.607868 | P98: 1564.171 | R98: 52.139034 | T98: 4.7003788 | V98: 47.421686 | W98: 38.54849 | X98: 57.176737
A99: BINHO | B99: 60 | C99: TL | D99: 851.54476 | E99: 9.58 | F99: Holdingler ve Yatırım Sirketleri | G99: -1119626416 | H99: 488.671.530 | I99: 10.67349 | J99: 13770402942 | K99: 1290150000 | L99: 0.93690069 | M99: 12901500000 | N99: 37,87 | O99: 26.299787 | P99: 1260.8831 | Q99: %2645, bedelsiz | R99: 42.029436 | T99: 1.4094135 | V99: 49.95484 | W99: 43.345627 | X99: 40.604774
A100: BIOEN | B100: 60 | C100: TL | D100: 5717.9029 | E100: 19.38 | F100: Elektrik , Gaz ve Su | G100: 223475323 | H100: 189.863.965 | I100: 6.5497927 | J100: 3274896343 | K100: 500000000 | L100: 3.0535318 | M100: 10000000000 | N100: 37,97 | O100: 70.159724 | P100: 1942.3219 | R100: 64.744063 | T100: -6.8026528 | U100: 0.61527074 | V100: 43.588672 | W100: 40.987467 | X100: 47.27988
...

Sheet Takip Listesi
A1: HİSSE | B1: Takip Fiyatı | C1: Anlık | D1: Değişim % | E1: Macd Toplam | F1: Macd Aylık | G1: Dolaşımdaki Pay% | H1: Kaldıraç % | I1: Dolaşım X | J1: Piyasa X | K1: Puan | L1: Takip Tarihi | M1: RSI Günlük | N1: RSI Saatlik | O1: RSI Aylık

Sheet Değişiklikler
A1: Kontrol tarihi | B1: 46266.03
A2: BIST'te toplam | B2: 592
A3: Sayfa1'de toplam | B3: 630
A5: YENİ HİSSELER (Sayfa1'de yok) (2) | C5: BIST'TE YOK (Sayfa1'den cikarilabilir) (40) | E5: PAZARI BİLİNMEYEN (pazar listelerinde yok) (54)
A6: INTET | C6: ATEKS | E6: ALBTN
A7: USHOL | C7: ATSYH | E7: ATEKS
C8: AYES | E8: ATSYH
C9: BALAT | E9: AYES
C10: BARMA | E10: BALAT
C11: BASCM | E11: BASCM
C12: BRKO | E12: BETAE
C13: BRMEN | E13: BRKO
C14: CASA | E14: BRMEN
C15: CMENT | E15: CASA
C16: DIRIT | E16: CITAS
C17: DMLKTG | E17: CMENT
C18: EKIZ | E18: DIRIT
C19: EMNIS | E19: DMLKTG
... C45: YYAPI | E45: QNBTR
E46: QUICK
E47: SARAE
E48: SNPAM
E49: SODSN
E50: SOHOE
E51: SSAAT
E52: SUMAS
E53: TKNKA
E54: TRILC
E55: UMPAS
E56: VEYAS
E57: YBTAS
... E59: YYAPI

Sheet Tüm - Sektör
A1: HİSSE | B1: Sektör | C1: Özsermaye | D1: Sermaye | E1: Dolaşım X | F1: Piyasa X | G1: Lot sayısı | H1: Anlık | I1: Macd | J1: K-Z | K1: FK | L1: Hedef Fiyat | M1: Dolaşımdaki Pay% | N1: Kaldıraç % | O1: Puan | P1: Skor
A2: DMLKTG | C2: 0 | D2: 0 | E2: 0 | F2: 0 | G2: 0 | H2: 6.08 | I2: -9.7e-07 | J2: 0 | K2: 0 | L2: 0 | M2: 0 | N2: 0 | O2: 0 | P2: 0
A3: QUICK | C3: 27947178234 | D3: 0 | E3: 0 | F3: 0 | G3: 0 | H3: 65.05 | I3: 0 | J3: 6729630082 | K3: 0 | L3: 0 | M3: 0 | N3: 15.485962 | O3: 0 | P3: 0
A4: KPEKS | C4: 2602246725 | D4: 100000000 | E4: 0 | F4: 0 | G4: 0 | H4: 110.3 | I4: 0 | J4: 35830166 | K4: 379.56843 | L4: 400 | M4: 0 | N4: 27.524553 | O4: 0 | P4: 0
A5: TKNKA | C5: 3451807136 | D5: 100000000 | E5: 0 | F5: 0 | G5: 0 | H5: 172.8 | I5: 0 | J5: 17706780 | K5: 931.84645 | L5: 400 | M5: 0 | N5: 57.622912 | O5: 0 | P5: 0
A6: CITAS | C6: 5041413750 | D6: 150000000 | E6: 0 | F6: 0 | G6: 0 | H6: 126.5 | I6: 0 | J6: 563126772 | K6: 37.82452 | L6: 266.66667 | M6: 0 | N6: 28.648042 | O6: 0 | P6: 0
A7: ZEDUR | C7: 2447229960 | D7: 174750000 | E7: 0 | F7: 0 | G7: 0 | H7: 7.64 | I7: -0.14253936 | J7: -31207398 | K7: -44.79707 | L7: 228.89843 | M7: 0 | N7: 20.94778 | O7: 654.99729 | P7: 21.833243
A8: GOLDA | C8: 3999024540 | D8: 200000000 | E8: 0 | F8: 0 | G8: 0 | H8: 13.33 | I8: 0 | J8: -82459214 | K8: -31.53074 | L8: 200 | M8: 0 | N8: 19.871525 | O8: 0 | P8: 0
A9: ALBTN | C9: 2276853066 | D9: 201000000 | E9: 0 | F9: 0 | G9: 0 | H9: 31.7 | I9: 0 | J9: 3971521 | K9: 1771.3617 | L9: 199.00498 | M9: 0 | N9: 42.842204 | O9: 0 | P9: 0
A10: SOHOE | C10: 2434885834 | D10: 206760337 | E10: 0 | F10: 0 | G10: 0 | H10: 10.74 | I10: 0 | J10: 4275510 | K10: 531.95144 | L10: 193.4607 | M10: 0 | N10: 53.298501 | O10: 0 | P10: 0
A11: ISVEA | C11: 1462875619 | D11: 220000000 | E11: 0 | F11: 0 | G11: 0 | H11: 81.7 | I11: 0 | J11: 32030737 | K11: 631.89305 | L11: 181.81818 | M11: 0 | N11: 67.012892 | O11: 0 | P11: 0
A12: ORZAX | C12: 3336153653 | D12: 307000000 | E12: 0 | F12: 0 | G12: 0 | H12: 88.75 | I12: 0 | J12: 348535869 | K12: 86.321101 | L12: 130.29316 | M12: 0 | N12: 66.105395 | O12: 0 | P12: 0
A13: BETAE | C13: 3408994170 | D13: 350000000 | E13: 0 | F13: 0 | G13: 0 | H13: 86.75 | I13: 0 | J13: 42544831 | K13: 797.98178 | L13: 114.28571 | M13: 0 | N13: 69.473798 | O13: 0 | P13: 0
... A21: ZOREN | C21: 61079335000 | D21: 5000000000 | E21: 0 | F21: 0 | G21: 0 | H21: 2.31 | I21: -0.050538656 | J21: -3064127000 | K21: -3.2635723 | L21: 8 | M21: 0 | N21: 54.768695 | O21: 1116.6052 | P21: 37.220174
A22: BURVA | B22: Ana Metal Sanayi | C22: 91186532 | D22: 7347672 | E22: 16.423783 | F22: 3.0043499 | G22: 3.211576 | H22: 758.5 | I22: -29.754788 | J22: -1925420 | K22: -2839.2081 | L22: 5443.9011 | M22: 43.7 | N22: 57.965254 | O22: 513.40816 | P22: 17.113605
A23: ERBOS | B23: Ana Metal Sanayi | C23: 3755081013 | D23: 20000000 | E23: 23.310056 | F23: 7.6677815 | G23: 11.626663 | H23: 147.6 | I23: -3.2073877 | J23: -127375317 | K23: -23.866476 | L23: 2000 | M23: 58.13 | N23: 26.672591 | O23: 215.53304 | P23: 7.1844346
A24: DOFER | B24: Ana Metal Sanayi | C24: 1552282099 | D24: 55750000 | E24: 77.313869 | F24: 47.820547 | G24: 18.855746 | H24: 27.44 | I24: -0.41641233 | J24: -90367678 | K24: -17.890799 | L24: 717.48879 | M24: 33.82 | N24: 51.236303 | O24: 299.71893 | P24: 9.9906311
A25: CUSAN | B25: Ana Metal Sanayi | C25: 739485696 | D25: 71250000 | E25: 91.145811 | F25: 53.301644 | G25: 18.348433 | H25: 23.92 | I25: -0.28126854 | J25: -87222048 | K25: -19.605135 | L25: 561.40351 | M25: 25.75 | N25: 89.410014 | O25: 234.60296 | P25: 7.8200988
A26: PNLSN | B26: Ana Metal Sanayi | C26: 3231285211 | D26: 75000000 | E26: 46.8253 | F26: 14.865175 | G26: 20.950915 | H26: 40.78 | I26: -0.91585598 | J26: -43919717 | K26: -71.721774 | L26: 533.33333 | M26: 27.93 | N26: 42.64297 | O26: 560.6131 | P26: 18.687103
A27: ERCB | B27: Ana Metal Sanayi | C27: 5927165415 | D27: 77770481 | E27: 28.715245 | F27: 8.0267531 | G27: 31.848394 | H27: 43.74 | I27: -1.2733116 | J27: 117049208 | K27: 30.563574 | L27: 514.33397 | M27: 40.95 | N27: 67.682098 | O27: 124.0887 | P27: 4.1362902
A28: BURCE | B28: Ana Metal Sanayi | C28: 1191941245 | D28: 84240000 | E28: 26.212131 | F28: 8.8902901 | G28: 44.36163 | H28: 34.4 | I28: -0.88370595 | J28: -28264473 | K28: -104.3147 | L28: 474.83381 | M28: 52.66 | N28: 41.741517 | O28: 397.19095 | P28: 13.239698
A29: BMSCH | B29: Ana Metal Sanayi | C29: 1271636030 | D29: 100000000 | E29: 58.784723 | F29: 53.440657 | G29: 62.830463 | H29: 10.83 | I29: -0.54851329 | J29: 15898817 | K29: 69.187538 | L29: 400 | M29: 62.83 | N29: 43.630524 | O29: 269.50326 | P29: 8.9834419
A30: OZYSR | B30: Ana Metal Sanayi | C30: 3339027503 | D30: 103200000 | E30: 121.63707 | F30: 98.221151 | G30: 113.05108 | H30: 11.93 | I30: -0.16189438 | J30: 31743454 | K30: 39.012768 | L30: 387.5969 | M30: 26.71 | N30: 55.935808 | O30: 934.15624 | P30: 31.138541
A31: KRDMB | B31: Ana Metal Sanayi | C31: 9789764290 | D31: 119470352 | E31: 2.7431301 | F31: 0.17394515 | G31: 116.85237 | H31: 124.8 | I31: 0.12444462 | J31: 2569715 | K31: 6136.901 | L31: 334.8111 | M31: 97.8 | N31: 33.840899 | O31: 1619.123 | P31: 53.970767
A32: BRSAN | B32: Ana Metal Sanayi | C32: 39381685000 | D32: 141772000 | E32: 1.8123113 | F32: 0.017607825 | G32: 31.219389 | H32: 707 | I32: 39.569892 | J32: 273620000 | K32: 376.16575 | L32: 282.14316 | M32: 22.02 | N32: 54.759416 | O32: 2568.6276 | P32: 85.62092
A33: BMSTL | B33: Ana Metal Sanayi | C33: 1380911336 | D33: 150000000 | E33: 11.985228 | F33: 1.8581748 | G33: 74.740385 | H33: 44.66 | I33: -0.28358579 | J33: -32821003 | K33: -196.5205 | L33: 266.66667 | M33: 49.82 | N33: 43.313207 | O33: 1163.7554 | P33: 38.791845
... A631: BIGCH | B631: Yiyecek ve İçecek Hizmetleri | C631: 1357332842 | D631: 535000000 | E631: 25.150916 | F631: 7.8351764 | G631: 285.55363 | H631: 5.57 | I631: -0.19484542 | J631: -32229759 | K631: -99.597394 | L631: 74.766355 | M631: 53.37 | N631: 60.289058 | O631: 231.51024 | P631: 7.7170079

Sheet Yıldız Liste
A1: HİSSE
A2: A1CAP
A3: BRISA
A4: GOKNR
A5: LMKDC
A6: SMRTG
A7: AAGYO
A8: BRSAN
A9: GOLTS
A10: LOGO
A11: SNGYO
A12: ADGYO
... A263: SKBNK

Sheet Ana Pazar Liste
A1: HİSSE
A2: A1YEN
A3: CATES
A4: FRIGO
A5: LKMNH
A6: PRKAB
A7: ACSEL
A8: CELHA
A9: FRMPL
A10: LUKSK
A11: PRKME
A12: ADEL
... A266: ZGYO

Sheet Alt Pazar Liste
A1: HİSSE
A2: AGYO
A3: AKYHO
A4: ATAGY
A5: ATLAS
A6: AVTUR
A7: BRKSN
A8: BURVA
A9: COSMO
A10: CRDFA
A11: DGGYO
A12: DOGUB
... A50: VKFYO

Sheet BOT HİSSELER CIKARILDI
A1: BOT HİSSELER | Q1: =E1*G1/100 -> 0 | R1: =IF(OR(H1="", H3="", Q1=0), "", IF(H1<H3, (H3-H1)/H1, "")) | S1: 0 | T1: =S1-Q1 -> 0 | V1: =IFERROR(VLOOKUP(LEFT(U1,FIND(" ",U1)-1),'BTA Tarama'!$A:$K,11,0),"") | X1: =IF(COUNTIF('Yıldız Liste'!A:A, A1)>0, "Yıldız Pazar", IF(COUNTIF('Ana Pazar Liste'!A:A, A1)>0, "Ana Pazar", IF(COUNTIF('Alt Pazar Liste'!A:A, A1)>0, "Alt Pazar", "")))
A2: IHLAS | B2: Holdingler ve Yatırım Sirketleri | C2: 3099745984 | D2: 3000000000 | E2: =VLOOKUP(A2,'Tüm - Sektör'!$A:$H,5,0) -> 30.002663 | F2: =VLOOKUP(A2,'Tüm - Sektör'!$A:$H,6,0) -> 20.001775 | G2: =VLOOKUP(A2,'Tüm - Sektör'!$A:$H,7,0) -> 2501.1704 | H2: 1.07 | I2: =VLOOKUP(A2,'Tüm - Sektör'!$A:$H,9,0) -> #REF! | J2: =VLOOKUP(A2,'Tüm - Sektör'!$A:$H,10,0) -> #REF! | K2: =VLOOKUP(A2,'Tüm - Sektör'!$A:$H,11,0) -> #REF! | L2: =VLOOKUP(A2,'Tüm - Sektör'!$A:$H,12,0) -> #REF! | M2: =VLOOKUP(A2,'Tüm - Sektör'!$A:$H,13,0) -> #REF! | N2: =VLOOKUP(A2,'Tüm - Sektör'!$A:$H,14,0) -> #REF! | O2: =VLOOKUP(A2,'Tüm - Sektör'!$A:$H,15,0) -> #REF! | P2: =VLOOKUP(A2,'Tüm - Sektör'!$A:$H,16,0) -> #REF! | Q2: =E2*G2/100 -> 750.41771 | R2: =IF(OR(H2="", BTA!H521="", Q2=0), "", IF(H2<BTA!H521, (BTA!H521-H2)/H2, "")) | S2: 743.40446 | T2: =S2-Q2 -> -7.0132496 | V2: =IFERROR(VLOOKUP(LEFT(U2,FIND(" ",U2)-1),'BTA Tarama'!$A:$K,11,0),"") | X2: =IF(COUNTIF('Yıldız Liste'!A:A, A2)>0, "Yıldız Pazar", IF(COUNTIF('Ana Pazar Liste'!A:A, A2)>0, "Ana Pazar", IF(COUNTIF('Alt Pazar Liste'!A:A, A2)>0, "Alt Pazar", ""))) -> Yıldız Pazar
A3: BIMAS | B3: Perakende Ticaret | C3: 188976717000 | D3: 1200000000 | E3: =VLOOKUP(A3,'Tüm - Sektör'!$A:$H,5,0) -> 0.23742168 | F3: =VLOOKUP(A3,'Tüm - Sektör'!$A:$H,6,0) -> 0.00095350073 | G3: =VLOOKUP(A3,'Tüm - Sektör'!$A:$H,7,0) -> 825.45876 | H3: 401.5 | I3: =VLOOKUP(A3,'Tüm - Sektör'!$A:$H,9,0) -> #REF! | J3: =VLOOKUP(A3,'Tüm - Sektör'!$A:$H,10,0) -> #REF! | K3: =VLOOKUP(A3,'Tüm - Sektör'!$A:$H,11,0) -> #REF! | L3: =VLOOKUP(A3,'Tüm - Sektör'!$A:$H,12,0) -> #REF! | M3: =VLOOKUP(A3,'Tüm - Sektör'!$A:$H,13,0) -> #REF! | N3: =VLOOKUP(A3,'Tüm - Sektör'!$A:$H,14,0) -> #REF! | O3: =VLOOKUP(A3,'Tüm - Sektör'!$A:$H,15,0) -> #REF! | P3: =VLOOKUP(A3,'Tüm - Sektör'!$A:$H,16,0) -> #REF! | Q3: =E3*G3/100 -> 1.9598181 | R3: =IF(OR(H3="", H4="", Q3=0), "", IF(H3<H4, (H4-H3)/H3, "")) | S3: 1.9731091 | T3: =S3-Q3 -> 0.013290998 | V3: =IFERROR(VLOOKUP(LEFT(U3,FIND(" ",U3)-1),'BTA Tarama'!$A:$K,11,0),"") | X3: =IF(COUNTIF('Yıldız Liste'!A:A, A3)>0, "Yıldız Pazar", IF(COUNTIF('Ana Pazar Liste'!A:A, A3)>0, "Ana Pazar", IF(COUNTIF('Alt Pazar Liste'!A:A, A3)>0, "Alt Pazar", ""))) -> Yıldız Pazar
A4: HEDEF | B4: Holdingler ve Yatırım Sirketleri | C4: 6092873180 | D4: 3000000000 | E4: =VLOOKUP(A4,'Tüm - Sektör'!$A:$H,5,0) -> 3.4069871 | F4: =VLOOKUP(A4,'Tüm - Sektör'!$A:$H,6,0) -> 0.018792049 | G4: =VLOOKUP(A4,'Tüm - Sektör'!$A:$H,7,0) -> 238.33388 | H4: 75.85 | I4: =VLOOKUP(A4,'Tüm - Sektör'!$A:$H,9,0) -> #REF! | J4: =VLOOKUP(A4,'Tüm - Sektör'!$A:$H,10,0) -> #REF! | K4: =VLOOKUP(A4,'Tüm - Sektör'!$A:$H,11,0) -> #REF! | L4: =VLOOKUP(A4,'Tüm - Sektör'!$A:$H,12,0) -> #REF! | M4: =VLOOKUP(A4,'Tüm - Sektör'!$A:$H,13,0) -> #REF! | N4: =VLOOKUP(A4,'Tüm - Sektör'!$A:$H,14,0) -> #REF! | O4: =VLOOKUP(A4,'Tüm - Sektör'!$A:$H,15,0) -> #REF! | P4: =VLOOKUP(A4,'Tüm - Sektör'!$A:$H,16,0) -> #REF! | Q4: =E4*G4/100 -> 8.1200047 | R4: =IF(OR(H4="", H5="", Q4=0), "", IF(H4<H5, (H5-H4)/H4, "")) | S4: 7.3104137 | T4: =S4-Q4 -> -0.80959097 | V4: =IFERROR(VLOOKUP(LEFT(U4,FIND(" ",U4)-1),'BTA Tarama'!$A:$K,11,0),"") | X4: =IF(COUNTIF('Yıldız Liste'!A:A, A4)>0, "Yıldız Pazar", IF(COUNTIF('Ana Pazar Liste'!A:A, A4)>0, "Ana Pazar", IF(COUNTIF('Alt Pazar Liste'!A:A, A4)>0, "Alt Pazar", ""))) -> Ana Pazar
A5: EKDMR | B5: Ana Metal Sanayi | C5: 14622631268 | D5: 320000000 | E5: =VLOOKUP(A5,'Tüm - Sektör'!$A:$H,5,0) -> 18.51141 | F5: =VLOOKUP(A5,'Tüm - Sektör'!$A:$H,6,0) -> 1.3773371 | G5: =VLOOKUP(A5,'Tüm - Sektör'!$A:$H,7,0) -> 51.990902 | H5: 49.26 | I5: =VLOOKUP(A5,'Tüm - Sektör'!$A:$H,9,0) -> #REF! | J5: =VLOOKUP(A5,'Tüm - Sektör'!$A:$H,10,0) -> #REF! | K5: =VLOOKUP(A5,'Tüm - Sektör'!$A:$H,11,0) -> #REF! | L5: =VLOOKUP(A5,'Tüm - Sektör'!$A:$H,12,0) -> #REF! | M5: =VLOOKUP(A5,'Tüm - Sektör'!$A:$H,13,0) -> #REF! | N5: =VLOOKUP(A5,'Tüm - Sektör'!$A:$H,14,0) -> #REF! | O5: =VLOOKUP(A5,'Tüm - Sektör'!$A:$H,15,0) -> #REF! | P5: =VLOOKUP(A5,'Tüm - Sektör'!$A:$H,16,0) -> #REF! | Q5: =E5*G5/100 -> 9.6242491 | R5: =IF(OR(H5="", H9="", Q5=0), "", IF(H5<H9, (H9-H5)/H5, "")) | S5: 9.5280066 | T5: =S5-Q5 -> -0.096242491 | V5: =IFERROR(VLOOKUP(LEFT(U5,FIND(" ",U5)-1),'BTA Tarama'!$A:$K,11,0),"") | X5: =IF(COUNTIF('Yıldız Liste'!A:A, A5)>0, "Yıldız Pazar", IF(COUNTIF('Ana Pazar Liste'!A:A, A5)>0, "Ana Pazar", IF(COUNTIF('Alt Pazar Liste'!A:A, A5)>0, "Alt Pazar", ""))) -> Yıldız Pazar
A6: AAGYO | B6: Gayrimenkul Yatırım Ortaklıkları | C6: 13661644947 | D6: 701000000 | E6: =VLOOKUP(A6,'Tüm - Sektör'!$A:$H,5,0) -> 21.630561 | F6: =VLOOKUP(A6,'Tüm - Sektör'!$A:$H,6,0) -> 3.0277195 | G6: =VLOOKUP(A6,'Tüm - Sektör'!$A:$H,7,0) -> 175.89697 | H6: 12.4 | I6: =VLOOKUP(A6,'Tüm - Sektör'!$A:$H,9,0) -> #REF! | J6: =VLOOKUP(A6,'Tüm - Sektör'!$A:$H,10,0) -> #REF! | K6: =VLOOKUP(A6,'Tüm - Sektör'!$A:$H,11,0) -> #REF! | L6: =VLOOKUP(A6,'Tüm - Sektör'!$A:$H,12,0) -> #REF! | M6: =VLOOKUP(A6,'Tüm - Sektör'!$A:$H,13,0) -> #REF! | N6: =VLOOKUP(A6,'Tüm - Sektör'!$A:$H,14,0) -> #REF! | O6: =VLOOKUP(A6,'Tüm - Sektör'!$A:$H,15,0) -> #REF! | P6: =VLOOKUP(A6,'Tüm - Sektör'!$A:$H,16,0) -> #REF! | Q6: =E6*G6/100 -> 38.047501 | R6: =IF(OR(H6="", H3="", Q6=0), "", IF(H6<H3, (H3-H6)/H6, "")) -> 31.379032 | S6: 37.682245 | T6: =S6-Q6 -> -0.36525601 | V6: =IFERROR(VLOOKUP(LEFT(U6,FIND(" ",U6)-1),'BTA Tarama'!$A:$K,11,0),"") | X6: =IF(COUNTIF('Yıldız Liste'!A:A, A6)>0, "Yıldız Pazar", IF(COUNTIF('Ana Pazar Liste'!A:A, A6)>0, "Ana Pazar", IF(COUNTIF('Alt Pazar Liste'!A:A, A6)>0, "Alt Pazar", ""))) -> Yıldız Pazar
A7: ETYAT | B7: Menkul Kıymet Yatırım Ortaklıkları | C7: 69325879 | D7: 60000000 | E7: =VLOOKUP(A7,'Tüm - Sektör'!$A:$H,5,0) -> 148.947 | F7: =VLOOKUP(A7,'Tüm - Sektör'!$A:$H,6,0) -> 496.49 | G7: =VLOOKUP(A7,'Tüm - Sektör'!$A:$H,7,0) -> 52.150771 | H7: 15.46 | I7: =VLOOKUP(A7,'Tüm - Sektör'!$A:$H,9,0) -> #REF! | J7: =VLOOKUP(A7,'Tüm - Sektör'!$A:$H,10,0) -> #REF! | K7: =VLOOKUP(A7,'Tüm - Sektör'!$A:$H,11,0) -> #REF! | L7: =VLOOKUP(A7,'Tüm - Sektör'!$A:$H,12,0) -> #REF! | M7: =VLOOKUP(A7,'Tüm - Sektör'!$A:$H,13,0) -> #REF! | N7: =VLOOKUP(A7,'Tüm - Sektör'!$A:$H,14,0) -> #REF! | O7: =VLOOKUP(A7,'Tüm - Sektör'!$A:$H,15,0) -> #REF! | P7: =VLOOKUP(A7,'Tüm - Sektör'!$A:$H,16,0) -> #REF! | Q7: =E7*G7/100 -> 77.677009 | R7: =IF(OR(H7="", H9="", Q7=0), "", IF(H7<H9, (H9-H7)/H7, "")) | S7: 76.537614 | T7: =S7-Q7 -> -1.1393949 | V7: =IFERROR(VLOOKUP(LEFT(U7,FIND(" ",U7)-1),'BTA Tarama'!$A:$K,11,0),"") | X7: =IF(COUNTIF('Yıldız Liste'!A:A, A7)>0, "Yıldız Pazar", IF(COUNTIF('Ana Pazar Liste'!A:A, A7)>0, "Ana Pazar", IF(COUNTIF('Alt Pazar Liste'!A:A, A7)>0, "Alt Pazar", ""))) -> Alt Pazar
A8: EUKYO | B8: Menkul Kıymet Yatırım Ortaklıkları | C8: 82997498 | D8: 60000000 | E8: =VLOOKUP(A8,'Tüm - Sektör'!$A:$H,5,0) -> 152.38374 | F8: =VLOOKUP(A8,'Tüm - Sektör'!$A:$H,6,0) -> 586.0913 | G8: =VLOOKUP(A8,'Tüm - Sektör'!$A:$H,7,0) -> 59.663963 | H8: 13.14 | I8: =VLOOKUP(A8,'Tüm - Sektör'!$A:$H,9,0) -> #REF! | J8: =VLOOKUP(A8,'Tüm - Sektör'!$A:$H,10,0) -> #REF! | K8: =VLOOKUP(A8,'Tüm - Sektör'!$A:$H,11,0) -> #REF! | L8: =VLOOKUP(A8,'Tüm - Sektör'!$A:$H,12,0) -> #REF! | M8: =VLOOKUP(A8,'Tüm - Sektör'!$A:$H,13,0) -> #REF! | N8: =VLOOKUP(A8,'Tüm - Sektör'!$A:$H,14,0) -> #REF! | O8: =VLOOKUP(A8,'Tüm - Sektör'!$A:$H,15,0) -> #REF! | P8: =VLOOKUP(A8,'Tüm - Sektör'!$A:$H,16,0) -> #REF! | Q8: =E8*G8/100 -> 90.918178 | R8: =IF(OR(H8="", H10="", Q8=0), "", IF(H8<H10, (H10-H8)/H8, "")) -> 0.14307458 | S8: 92.316919 | T8: =S8-Q8 -> 1.3987412 | V8: =IFERROR(VLOOKUP(LEFT(U8,FIND(" ",U8)-1),'BTA Tarama'!$A:$K,11,0),"") | X8: =IF(COUNTIF('Yıldız Liste'!A:A, A8)>0, "Yıldız Pazar", IF(COUNTIF('Ana Pazar Liste'!A:A, A8)>0, "Ana Pazar", IF(COUNTIF('Alt Pazar Liste'!A:A, A8)>0, "Alt Pazar", ""))) -> Alt Pazar
A9: OZYSR | B9: Ana Metal Sanayi | C9: 3339027503 | D9: 423120000 | E9: =VLOOKUP(A9,'Tüm - Sektör'!$A:$H,5,0) -> 121.63707 | F9: =VLOOKUP(A9,'Tüm - Sektör'!$A:$H,6,0) -> 98.221151 | G9: =VLOOKUP(A9,'Tüm - Sektör'!$A:$H,7,0) -> 113.05108 | H9: 11.32 | I9: =VLOOKUP(A9,'Tüm - Sektör'!$A:$H,9,0) -> #REF! | J9: =VLOOKUP(A9,'Tüm - Sektör'!$A:$H,10,0) -> #REF! | K9: =VLOOKUP(A9,'Tüm - Sektör'!$A:$H,11,0) -> #REF! | L9: =VLOOKUP(A9,'Tüm - Sektör'!$A:$H,12,0) -> #REF! | M9: =VLOOKUP(A9,'Tüm - Sektör'!$A:$H,13,0) -> #REF! | N9: =VLOOKUP(A9,'Tüm - Sektör'!$A:$H,14,0) -> #REF! | O9: =VLOOKUP(A9,'Tüm - Sektör'!$A:$H,15,0) -> #REF! | P9: =VLOOKUP(A9,'Tüm - Sektör'!$A:$H,16,0) -> #REF! | Q9: =E9*G9/100 -> 137.51203 | R9: =IF(OR(H9="", H6="", Q9=0), "", IF(H9<H6, (H6-H9)/H9, "")) -> 0.09540636 | S9: 144.41184 | T9: =S9-Q9 -> 6.8998114 | V9: =IFERROR(VLOOKUP(LEFT(U9,FIND(" ",U9)-1),'BTA Tarama'!$A:$K,11,0),"") | X9: =IF(COUNTIF('Yıldız Liste'!A:A, A9)>0, "Yıldız Pazar", IF(COUNTIF('Ana Pazar Liste'!A:A, A9)>0, "Ana Pazar", IF(COUNTIF('Alt Pazar Liste'!A:A, A9)>0, "Alt Pazar", ""))) -> Ana Pazar
A10: CEMZY | B10: Gıda , İçecek ve Tütün | C10: 4405616240 | D10: 2300000000 | E10: =VLOOKUP(A10,'Tüm - Sektör'!$A:$H,5,0) -> 37.060311 | F10: =VLOOKUP(A10,'Tüm - Sektör'!$A:$H,6,0) -> 5.7618643 | G10: =VLOOKUP(A10,'Tüm - Sektör'!$A:$H,7,0) -> 416.0572 | H10: 15.02 | I10: =VLOOKUP(A10,'Tüm - Sektör'!$A:$H,9,0) -> #REF! | J10: =VLOOKUP(A10,'Tüm - Sektör'!$A:$H,10,0) -> #REF! | K10: =VLOOKUP(A10,'Tüm - Sektör'!$A:$H,11,0) -> #REF! | L10: =VLOOKUP(A10,'Tüm - Sektör'!$A:$H,12,0) -> #REF! | M10: =VLOOKUP(A10,'Tüm - Sektör'!$A:$H,13,0) -> #REF! | N10: =VLOOKUP(A10,'Tüm - Sektör'!$A:$H,14,0) -> #REF! | O10: =VLOOKUP(A10,'Tüm - Sektör'!$A:$H,15,0) -> #REF! | P10: =VLOOKUP(A10,'Tüm - Sektör'!$A:$H,16,0) -> #REF! | Q10: =E10*G10/100 -> 154.19209 | R10: =IF(OR(H10="", BTA!H604="", Q10=0), "", IF(H10<BTA!H604, (BTA!H604-H10)/H10, "")) | S10: 148.10819 | T10: =S10-Q10 -> -6.0839054 | V10: =IFERROR(VLOOKUP(LEFT(U10,FIND(" ",U10)-1),'BTA Tarama'!$A:$K,11,0),"") | X10: =IF(COUNTIF('Yıldız Liste'!A:A, A10)>0, "Yıldız Pazar", IF(COUNTIF('Ana Pazar Liste'!A:A, A10)>0, "Ana Pazar", IF(COUNTIF('Alt Pazar Liste'!A:A, A10)>0, "Alt Pazar", ""))) -> Yıldız Pazar
A11: ENTRA | B11: Elektrik , Gaz ve Su | C11: 38509619000 | D11: 4040550000 | E11: =VLOOKUP(A11,'Tüm - Sektör'!$A:$H,5,0) -> 25.386671 | F11: =VLOOKUP(A11,'Tüm - Sektör'!$A:$H,6,0) -> 3.4399283 | G11: =VLOOKUP(A11,'Tüm - Sektör'!$A:$H,7,0) -> 808.15332 | H11: 4.31 | I11: =VLOOKUP(A11,'Tüm - Sektör'!$A:$H,9,0) -> #REF! | J11: =VLOOKUP(A11,'Tüm - Sektör'!$A:$H,10,0) -> #REF! | K11: =VLOOKUP(A11,'Tüm - Sektör'!$A:$H,11,0) -> #REF! | L11: =VLOOKUP(A11,'Tüm - Sektör'!$A:$H,12,0) -> #REF! | M11: =VLOOKUP(A11,'Tüm - Sektör'!$A:$H,13,0) -> #REF! | N11: =VLOOKUP(A11,'Tüm - Sektör'!$A:$H,14,0) -> #REF! | O11: =VLOOKUP(A11,'Tüm - Sektör'!$A:$H,15,0) -> #REF! | P11: =VLOOKUP(A11,'Tüm - Sektör'!$A:$H,16,0) -> #REF! | Q11: =E11*G11/100 -> 205.16322 | R11: =IF(OR(H11="", H10="", Q11=0), "", IF(H11<H10, (H10-H11)/H11, "")) -> 2.4849188 | S11: 204.20675 | T11: =S11-Q11 -> -0.9564719 | V11: =IFERROR(VLOOKUP(LEFT(U11,FIND(" ",U11)-1),'BTA Tarama'!$A:$K,11,0),"") | X11: =IF(COUNTIF('Yıldız Liste'!A:A, A11)>0, "Yıldız Pazar", IF(COUNTIF('Ana Pazar Liste'!A:A, A11)>0, "Ana Pazar", IF(COUNTIF('Alt Pazar Liste'!A:A, A11)>0, "Alt Pazar", ""))) -> Yıldız Pazar
A12: EUYO | B12: Menkul Kıymet Yatırım Ortaklıkları | C12: 83633027 | D12: 60000000 | E12: =VLOOKUP(A12,'Tüm - Sektör'!$A:$H,5,0) -> 442.08929 | F12: =VLOOKUP(A12,'Tüm - Sektör'!$A:$H,6,0) -> 5526.1161 | G12: =VLOOKUP(A12,'Tüm - Sektör'!$A:$H,7,0) -> 58.626662 | H12: 4.73 | I12: =VLOOKUP(A12,'Tüm - Sektör'!$A:$H,9,0) -> #REF! | J12: =VLOOKUP(A12,'Tüm - Sektör'!$A:$H,10,0) -> #REF! | K12: =VLOOKUP(A12,'Tüm - Sektör'!$A:$H,11,0) -> #REF! | L12: =VLOOKUP(A12,'Tüm - Sektör'!$A:$H,12,0) -> #REF! | M12: =VLOOKUP(A12,'Tüm - Sektör'!$A:$H,13,0) -> #REF! | N12: =VLOOKUP(A12,'Tüm - Sektör'!$A:$H,14,0) -> #REF! | O12: =VLOOKUP(A12,'Tüm - Sektör'!$A:$H,15,0) -> #REF! | P12: =VLOOKUP(A12,'Tüm - Sektör'!$A:$H,16,0) -> #REF! | Q12: =E12*G12/100 -> 259.18219 | R12: =IF(OR(H12="", BTA!H604="", Q12=0), "", IF(H12<BTA!H604, (BTA!H604-H12)/H12, "")) | S12: 252.63443 | T12: =S12-Q12 -> -6.5477606 | V12: =IFERROR(VLOOKUP(LEFT(U12,FIND(" ",U12)-1),'BTA Tarama'!$A:$K,11,0),"") | X12: =IF(COUNTIF('Yıldız Liste'!A:A, A12)>0, "Yıldız Pazar", IF(COUNTIF('Ana Pazar Liste'!A:A, A12)>0, "Ana Pazar", IF(COUNTIF('Alt Pazar Liste'!A:A, A12)>0, "Alt Pazar", ""))) -> Alt Pazar
A13: FRIGO | B13: Gıda , İçecek ve Tütün | C13: 1413319947 | D13: 850000000 | E13: =VLOOKUP(A13,'Tüm - Sektör'!$A:$H,5,0) -> 62.988021 | F13: =VLOOKUP(A13,'Tüm - Sektör'!$A:$H,6,0) -> 107.04786 | G13: =VLOOKUP(A13,'Tüm - Sektör'!$A:$H,7,0) -> 733.94965 | H13: 2.61 | I13: =VLOOKUP(A13,'Tüm - Sektör'!$A:$H,9,0) -> #REF! | J13: =VLOOKUP(A13,'Tüm - Sektör'!$A:$H,10,0) -> #REF! | K13: =VLOOKUP(A13,'Tüm - Sektör'!$A:$H,11,0) -> #REF! | L13: =VLOOKUP(A13,'Tüm - Sektör'!$A:$H,12,0) -> #REF! | M13: =VLOOKUP(A13,'Tüm - Sektör'!$A:$H,13,0) -> #REF! | N13: =VLOOKUP(A13,'Tüm - Sektör'!$A:$H,14,0) -> #REF! | O13: =VLOOKUP(A13,'Tüm - Sektör'!$A:$H,15,0) -> #REF! | P13: =VLOOKUP(A13,'Tüm - Sektör'!$A:$H,16,0) -> #REF! | Q13: =E13*G13/100 -> 462.30036 | R13: =IF(OR(H13="", H12="", Q13=0), "", IF(H13<H12, (H12-H13)/H13, "")) -> 0.81226054 | S13: 434.49282 | T13: =S13-Q13 -> -27.80754 | V13: =IFERROR(VLOOKUP(LEFT(U13,FIND(" ",U13)-1),'BTA Tarama'!$A:$K,11,0),"") | X13: =IF(COUNTIF('Yıldız Liste'!A:A, A13)>0, "Yıldız Pazar", IF(COUNTIF('Ana Pazar Liste'!A:A, A13)>0, "Ana Pazar", IF(COUNTIF('Alt Pazar Liste'!A:A, A13)>0, "Alt Pazar", ""))) -> Ana Pazar
A14: A1YEN | B14: Elektrik , Gaz ve Su | C14: 3375599291 | D14: 600000000 | E14: =VLOOKUP(A14,'Tüm - Sektör'!$A:$H,5,0) -> 358.92246 | F14: =VLOOKUP(A14,'Tüm - Sektör'!$A:$H,6,0) -> 3262.9314 | G14: =VLOOKUP(A14,'Tüm - Sektör'!$A:$H,7,0) -> 448.67193 | H14: 2.76 | I14: =VLOOKUP(A14,'Tüm - Sektör'!$A:$H,9,0) -> #REF! | J14: =VLOOKUP(A14,'Tüm - Sektör'!$A:$H,10,0) -> #REF! | K14: =VLOOKUP(A14,'Tüm - Sektör'!$A:$H,11,0) -> #REF! | L14: =VLOOKUP(A14,'Tüm - Sektör'!$A:$H,12,0) -> #REF! | M14: =VLOOKUP(A14,'Tüm - Sektör'!$A:$H,13,0) -> #REF! | N14: =VLOOKUP(A14,'Tüm - Sektör'!$A:$H,14,0) -> #REF! | O14: =VLOOKUP(A14,'Tüm - Sektör'!$A:$H,15,0) -> #REF! | P14: =VLOOKUP(A14,'Tüm - Sektör'!$A:$H,16,0) -> #REF! | Q14: =E14*G14/100 -> 1610.3843 | R14: =IF(OR(H14="", BTA!H605="", Q14=0), "", IF(H14<BTA!H605, (BTA!H605-H14)/H14, "")) -> 1.2028986 | S14: 1586.9605 | T14: =S14-Q14 -> -23.423772 | V14: =IFERROR(VLOOKUP(LEFT(U14,FIND(" ",U14)-1),'BTA Tarama'!$A:$K,11,0),"") | X14: =IF(COUNTIF('Yıldız Liste'!A:A, A14)>0, "Yıldız Pazar", IF(COUNTIF('Ana Pazar Liste'!A:A, A14)>0, "Ana Pazar", IF(COUNTIF('Alt Pazar Liste'!A:A, A14)>0, "Alt Pazar", ""))) -> Ana Pazar

Sheet Alt Pazar Sermaye
A1: HİSSE | B1: Sektör | C1: Özsermaye | D1: Sermaye | E1: Dolaşım X | F1: Piyasa X | G1: Lot sayısı | H1: Anlık | I1: Macd | J1: K-Z | K1: FK | L1: Hedef Fiyat | M1: Dolaşımdaki Pay% | N1: Kaldıraç % | O1: Puan | P1: Skor
A2: ISBTR | B2: Bankalar | C2: 577755 | D2: 29000 | E2: 10.329364 | F2: 0.68365308 | G2: 7.433e-06 | H2: 500000 | I2: 2948.1751 | J2: 0 | K2: 0 | L2: 1379310.3 | M2: 25.63 | N2: 368.7554 | O2: 1467.3868 | P2: 48.912895 | Q2: =E2*G2/100 -> 7.6778162e-07
A3: ISATR | B3: Bankalar | C3: 19923 | D3: 1000 | E3: 33.810912 | F3: 6.8304874 | G3: 0.000239 | H3: 4950000 | I3: -0.0089665949 | J3: 0 | K3: 0 | L3: 40000000 | M3: 23.9 | N3: 368.7469 | O3: 1168 | P3: 38.933333 | Q3: =E3*G3/100 -> 8.0808081e-05
A4: ISKUR | B4: Bankalar | C4: 0 | D4: 2.458 | E4: 13876.416 | F4: 1739.7255 | G4: 0.000699 | H4: 4125000 | I4: 1417597000000 | J4: 20357299000 | K4: 0.39181082 | L4: 1.6273393e+10 | M4: 28.43 | N4: 0 | O4: 0 | P4: 0 | Q4: =E4*G4/100 -> 0.096996145
A5: TRHOL | B5: Holdingler ve Yatırım Sirketleri | C5: 204500139 | D5: 30000000 | E5: 1.7050368 | F5: 0.022770257 | G5: 9.399838 | H5: 3350 | I5: 200.16221 | J5: 30988843 | K5: 2416.3535 | L5: 1333.3333 | M5: 31.33 | N5: 66.191166 | O5: 3000 | P5: 100 | Q5: =E5*G5/100 -> 0.1602707
A6: BURVA | B6: Ana Metal Sanayi | C6: 91186532 | D6: 7347672 | E6: 16.543745 | F6: 2.9901232 | G6: 3.211576 | H6: 758.5 | I6: -28.420307 | J6: -1925420 | K6: -2873.5533 | L6: 5443.9011 | M6: 43.7 | N6: 57.965254 | O6: 300 | P6: 10 | Q6: =E6*G6/100 -> 0.53131493
A7: SKYLP | B7: Mesleki , Bilimsel ve Teknik Faaliyetler | C7: 257737541 | D7: 9500000 | E7: 28.970182 | F7: 11.728819 | G7: 5.310719 | H7: 217.8 | I7: -2.5713232 | J7: -5361958 | K7: -460.65262 | L7: 4210.5263 | M7: 55.9 | N7: 24.761516 | O7: 758.46708 | P7: 25.282236 | Q7: =E7*G7/100 -> 1.538525
A8: KUVVA | B8: Toptan Ticaret | C8: 455277050 | D8: 31042007 | E8: 8.8477651 | F8: 1.5233862 | G8: 24.164195 | H8: 193.8 | I8: 10.719211 | J8: 8883359 | K8: 653.80218 | L8: 1288.5765 | M8: 77.84 | N8: 83.014333 | O8: 3000 | P8: 100 | Q8: =E8*G8/100 -> 2.1379912
A9: SONME | B9: Gayrimenkul Faaliyetleri | C9: 4679410564 | D9: 74000000 | E9: 69.902305 | F9: 6.559901 | G9: 3.975885 | H9: 141 | I9: 5.7572294 | J9: -113857279 | K9: -93.590854 | L9: 540.54054 | M9: 5.37 | N9: 14.442524 | O9: 1797.3863 | P9: 59.912876 | Q9: =E9*G9/100 -> 2.7792352
A10: COSMO | B10: Holdingler ve Yatırım Sirketleri | C10: 162494773 | D10: 6917538 | E10: 63.94977 | F10: 67.038327 | G10: 4.536267 | H10: 124.6 | I10: -3.3213545 | J10: -22534642 | K10: -42.331646 | L10: 5782.4041 | M10: 65.57 | N10: 55.537224 | O10: 1513.4689 | P10: 50.448962 | Q10: =E10*G10/100 -> 2.9009323
A11: VANGD | B11: Gıda , İçecek ve Tütün | C11: 519583617 | D11: 25000000 | E11: 17.026207 | F11: 6.6573634 | G11: 22.966707 | H11: 89.55 | I11: 2.9296463 | J11: 1543645 | K11: 1656.7929 | L11: 1600 | M11: 91.86 | N11: 19.349633 | O11: 2722.5753 | P11: 90.752511 | Q11: =E11*G11/100 -> 3.9103591
A12: DOGUB | B12: Tas ve Toprağa Dayalı | C12: 58292296 | D12: 39000000 | E12: 32.261739 | F12: 11.409987 | G12: 17.102172 | H12: 67.3 | I12: -2.9361605 | J12: -7099673 | K12: -398.25778 | L12: 1025.641 | M12: 43.85 | N12: 69.007396 | O12: 435.66457 | P12: 14.522152 | Q12: =E12*G12/100 -> 5.5174582
A13: SANEL | B13: İnsaat ve Bayındırlık | C13: 202339880 | D13: 18255333 | E13: 44.874452 | F13: 42.091709 | G13: 15.26498 | H13: 58 | I13: -3.1918361 | J13: 81750563 | K13: 13.041029 | L13: 2191.1405 | M13: 83.61 | N13: 44.748797 | O13: 998.28962 | P13: 33.276321 | Q13: =E13*G13/100 -> 6.8500762
... A50: IHYAY | B50: Holdingler ve Yatırım Sirketleri | C50: 640246857 | D50: 450000000 | E50: 97.870246 | F50: 176.82068 | G50: 332.28571 | H50: 1.21 | I50: -0.040184836 | J50: -234342255 | K50: -2.36193 | L50: 88.888889 | M50: 73.84 | N50: 37.534695 | O50: 662.62295 | P50: 22.087432 | Q50: =E50*G50/100 -> 325.20884

Sheet Ana Pazar - Sektör
A1: HİSSE | B1: Sektör | C1: Özsermaye | D1: Sermaye | E1: Dolaşım X | F1: Piyasa X | G1: Lot sayısı | H1: Anlık | I1: Macd | J1: K-Z | K1: FK | L1: Hedef Fiyat | M1: Dolaşımdaki Pay% | N1: Kaldıraç % | O1: Puan | P1: Skor | Q1: RSI Günlük | R1: RSI Saatlik | S1: RSI Aylık | T1: Macd Toplam | U1: Macd Aylık
A2: SOHOE | C2: 0 | D2: 0 | E2: 0 | F2: 0 | G2: 0 | H2: 10.74 | I2: 0 | J2: 0 | K2: 0 | L2: 0 | M2: 0 | N2: 0 | O2: 0 | P2: 0 | Q2: 19.434417 | R2: 43.767475 | V2: =E2*G2/100 -> 0
A3: ZEDUR | C3: 0 | D3: 0 | E3: 0 | F3: 0 | G3: 0 | H3: 7.64 | I3: 0 | J3: 0 | K3: 0 | L3: 0 | M3: 0 | N3: 0 | O3: 0 | P3: 0 | Q3: 34.683656 | R3: 41.421585 | S3: 45.569041 | T3: -5.5934516 | U3: 1.4445417 | V3: =E3*G3/100 -> 0
V4: =E4*G4/100 -> 0
A5: DOCO | B5: Yiyecek ve İçecek Hizmetleri | C5: 24553432694 | D5: 10983458 | E5: 0.39070023 | F5: 0.0030645441 | G5: 0.000348717 | H5: 11290 | I5: 148.99466 | J5: 5402190789 | K5: 23.599775 | L5: 3641.8403 | M5: 85.99 | N5: 0 | O5: 1391.7186 | P5: 46.390619 | Q5: 49.33445 | R5: 61.225648 | S5: 62.516214 | T5: 3729.0344 | U5: 14337.598 | V5: =E5*G5/100 -> 1.3624381e-06
A6: LYDYE | B6: Gıda , İçecek ve Tütün | C6: 3279541734 | D6: 1891069 | E6: 4.8719877 | F6: 0.19083801 | G6: 0.000607739 | H6: 11080 | I6: -339.99429 | J6: -614132000 | K6: -41.569957 | L6: 21152.057 | M6: 32.13 | N6: 23.985322 | O6: 591.85843 | P6: 19.728614 | Q6: 30.645091 | R6: 43.546776 | S6: 50.23025 | T6: -9526.7399 | U6: 13797.112 | V6: =E6*G6/100 -> 2.9608969e-05
A7: MRSHL | B7: Kimya , İlaç , Petrol , Lastik ve Plastik Ürünler | C7: 1138168471 | D7: 10994134 | E7: 27.875173 | F7: 1.5310741 | G7: 0.000701302 | H7: 1585 | I7: 124.47872 | J7: 164509463 | K7: 110.67014 | L7: 3638.3038 | M7: 6.37 | N7: 73.797606 | O7: 2597.0432 | P7: 86.568108 | Q7: 53.649916 | R7: 44.781681 | S7: 54.5388 | T7: 799.68417 | U7: 821.8626 | V7: =E7*G7/100 -> 0.00019548915
A8: CMBTN | B8: Tas ve Toprağa Dayalı | C8: 238701401 | D8: 1770000 | E8: 28.840356 | F8: 10.805031 | G8: 0.000876247 | H8: 1510 | I8: 12.58548 | J8: -188709100 | K8: -14.14431 | L8: 22598.87 | M8: 49.5 | N8: 91.202805 | O8: 775.30164 | P8: 25.843388 | Q8: 45.656791 | R8: 42.039625 | S8: 40.595006 | T8: -1019.9913 | U8: -1341.913 | V8: =E8*G8/100 -> 0.00025271275
A9: GUNDG | B9: Gıda , İçecek ve Tütün | C9: 832617284 | D9: 39000000 | E9: 1.8871151 | F9: 0.035631493 | G9: 10.211128 | H9: 1500 | I9: 219.57551 | J9: -34585160 | K9: -1531.3504 | L9: 1025.641 | M9: 26.18 | N9: 15.48986 | O9: 3000 | P9: 100 | Q9: 55.97539 | R9: 44.260277 | S9: 98.543821 | T9: 5333.9022 | V9: =E9*G9/100 -> 0.19269574
A10: UFUK | B10: Holdingler ve Yatırım Sirketleri | C10: 2686991410 | D10: 46846881 | E10: 1.3885665 | F10: 0.017695841 | G10: 16.937048 | H10: 1595 | I10: 48.212681 | J10: -10386140 | K10: -7555.1192 | L10: 853.84553 | M10: 36.15 | N10: 12.119448 | O10: 1999.8339 | P10: 66.66113 | Q10: 68.234485 | R10: 72.913123 | S10: 67.769996 | T10: 1439.6819 | U10: 3316.2264 | V10: =E10*G10/100 -> 0.23518218
A11: MAALT | B11: Oteller ve Lokantalar | C11: 5369083553 | D11: 8640048 | E11: 22.270399 | F11: 2.1843882 | G11: 1.637903 | H11: 1004 | I11: -24.085643 | J11: -26123950 | K11: -390.26474 | L11: 4629.6039 | M11: 18.95 | N11: 12.391753 | O11: 761.52224 | P11: 25.384075 | Q11: 30.2488 | R11: 55.357929 | S11: 50.475749 | T11: -554.20298 | U11: 840.821 | V11: =E11*G11/100 -> 0.36476753
A12: ALCAR | B12: Metal Esya,Makine,Elektrikli Cihazlar,Ulasım Araç | C12: 2033187111 | D12: 10800000 | E12: 26.084808 | F12: 3.3040493 | G12: 1.717981 | H12: 671 | I12: 34.688644 | J12: -67675460 | K12: -116.65676 | L12: 3703.7037 | M12: 15.9 | N12: 65.324546 | O12: 2769.7679 | P12: 92.325595 | Q12: 39.84727 | R12: 45.076966 | S12: 41.92919 | T12: -449.49961 | U12: -513.16366 | V12: =E12*G12/100 -> 0.44813205
A13: AYCES | B13: Oteller ve Lokantalar | C13: 5221598542 | D13: 25000000 | E13: 41.54997 | F13: 2.6936771 | G13: 1.868281 | H13: 449.25 | I13: -28.647336 | J13: -47172600 | K13: -326.99067 | L13: 1600 | M13: 7.47 | N13: 22.602354 | O13: 307.1213 | P13: 10.237377 | Q13: 30.954199 | R13: 45.439233 | S13: 47.814486 | T13: -766.79607 | U13: 382.74205 | V13: =E13*G13/100 -> 0.77627019
A14: KAPLM | B14: Kağıt, Kağıt Ürünleri Basım | C14: 1981884130 | D14: 20000000 | E14: 20.881426 | F14: 1.8189395 | G14: 3.966659 | H14: 407.75 | I14: -28.605031 | J14: -83036840 | K14: -138.25189 | L14: 2000 | M14: 19.83 | N14: 32.715736 | O14: 813.31229 | P14: 27.11041 | Q14: 40.105216 | R14: 38.41738 | S14: 56.048853 | T14: -263.93322 | U14: 853.7461 | V14: =E14*G14/100 -> 0.82829496
A15: VERUS | B15: Holdingler ve Yatırım Sirketleri | C15: 4697773484 | D15: 70000000 | E15: 6.015864 | F15: 0.14169978 | G15: 14.69279 | H15: 684 | I15: -47.954142 | J15: -442937400 | K15: -95.848759 | L15: 571.42857 | M15: 20.98 | N15: 17.415547 | O15: 1358.3665 | P15: 45.278884 | Q15: 70.223596 | R15: 67.928589 | S15: 62.582074 | T15: 752.1123 | U15: 894.62773 | V15: =E15*G15/100 -> 0.88389826
A16: TMPOL | B16: Kimya , İlaç , Petrol , Lastik ve Plastik Ürünler | C16: 879240094 | D16: 14175000 | E16: 16.334813 | F16: 2.4943024 | G16: 5.519695 | H16: 390 | I16: 6.344899 | J16: -38008330 | K16: -172.30039 | L16: 2821.8695 | M16: 38.93 | N16: 61.984161 | O16: 1060.0912 | P16: 35.336374 | Q16: 58.2829 | R16: 55.628476 | S16: 64.271129 | T16: 244.96523 | U16: 1021.8772 | V16: =E16*G16/100 -> 0.90163183
A17: INGRM | B17: Teknoloji - Bilisim | C17: 2001882616 | D17: 24000000 | E17: 49.541248 | F17: 4.8005085 | G17: 2.016016 | H17: 378 | I17: -5.9942732 | J17: -9562171 | K17: -1079.2528 | L17: 1666.6667 | M17: 8.4 | N17: 86.727216 | O17: 360.42393 | P17: 12.014131 | Q17: 45.164273 | R17: 49.417732 | S17: 47.791988 | T17: -160.13944 | U17: -28.267576 | V17: =E17*G17/100 -> 0.99875949
A18: ALKLC | B18: Gıda , İçecek ve Tütün | C18: 2863294706 | D18: 112000000 | E18: 2.2677191 | F18: 0.058858989 | G18: 44.440303 | H18: 427 | I18: 11.591669 | J18: -54281570 | K18: -709.7805 | L18: 357.14286 | M18: 39.67 | N18: 58.752859 | O18: 2997.1927 | P18: 99.906424 | Q18: 70.831058 | R18: 54.872931 | S18: 91.656659 | T18: 560.79916 | V18: =E18*G18/100 -> 1.0077812
A19: FMIZP | B19: Metal Esya,Makine,Elektrikli Cihazlar,Ulasım Araç | C19: 646697458 | D19: 14276790 | E19: 43.334054 | F19: 10.448468 | G19: 3.167474 | H19: 294.5 | I19: -1.1217971 | J19: 43394990 | K19: 95.573417 | L19: 2801.7503 | M19: 22.18 | N19: 14.140957 | O19: 513.08474 | P19: 17.102825 | Q19: 55.441278 | R19: 60.592333 | S19: 50.52864 | T19: -58.685057 | U19: 48.197941 | V19: =E19*G19/100 -> 1.3725949
A20: ULUSE | B20: Metal Esya,Makine,Elektrikli Cihazlar,Ulasım Araç | C20: 979739005 | D20: 80000000 | E20: 27.557319 | F20: 1.0764578 | G20: 5.044623 | H20: 240 | I20: -6.7204711 | J20: 801615262 | K20: 31.93552 | L20: 500 | M20: 6.3 | N20: 87.967939 | O20: 1047.3898 | P20: 34.912994 | Q20: 46.803827 | R20: 47.712926 | S20: 60.868747 | T20: 176.28781 | U20: 307.59606 | V20: =E20*G20/100 -> 1.3901629
A21: BIGTK | B21: Yayımcılık | C21: 1459734156 | D21: 33811731 | E21: 18.183418 | F21: 2.314046 | G21: 7.956887 | H21: 330 | I21: 22.588088 | J21: 174328179 | K21: 45.075022 | L21: 1183.0214 | M21: 23.53 | N21: 26.786695 | O21: 2218.6619 | P21: 73.955395 | Q21: 57.829678 | R21: 39.394767 | S21: 55.146197 | T21: 318.79581 | U21: 279.0981 | V21: =E21*G21/100 -> 1.446834
A22: ONCSM | B22: Kimya , İlaç , Petrol , Lastik ve Plastik Ürünler | C22: 447250420 | D22: 23850000 | E22: 15.187387 | F22: 2.4923198 | G22: 10.082441 | H22: 215.9 | I22: -6.8631874 | J22: 5945065 | K22: 1024.9972 | L22: 1677.1488 | M22: 42.27 | N22: 43.569757 | O22: 904.08086 | P22: 30.136029 | Q22: 38.335441 | R22: 48.110185 | S22: 56.132412 | T22: -104.74314 | U22: 330.32007 | V22: =E22*G22/100 -> 1.5312593
A23: INTEM | B23: Toptan Ticaret | C23: 919757915 | D23: 19440000 | E23: 62.380505 | F23: 12.583819 | G23: 2.459186 | H23: 245.7 | I23: -2.4265432 | J23: -13239520 | K23: -374.42445 | L23: 2057.6132 | M23: 12.65 | N23: 78.501148 | O23: 589.72996 | P23: 19.657665 | Q23: 49.886368 | R23: 44.087377 | S23: 50.612329 | T23: -142.97602 | U23: 180.81634 | V23: =E23*G23/100 -> 1.5340527
A24: AKMGY | B24: Gayrimenkul Yatırım Ortaklıkları | C24: 10580143341 | D24: 37264000 | E24: 48.322307 | F24: 5.2204339 | G24: 3.365585 | H24: 258.5 | I24: -3.3242136 | J24: 25223013 | K24: 366.98144 | L24: 1073.4221 | M24: 9.03 | N24: 19.320532 | O24: 1000.9676 | P24: 33.365586 | Q24: 55.577579 | R24: 44.018415 | S24: 57.465741 | T24: 27.842339 | U24: 171.54513 | V24: =E24*G24/100 -> 1.6263283
A25: KARTN | B25: Kağıt, Kağıt Ürünleri Basım | C25: 2531212102 | D25: 75000000 | E25: 11.589738 | F25: 1.08442 | G25: 17.011635 | H25: 157.2 | I25: 16.523672 | J25: -204338200 | K25: -52.302996 | L25: 533.33333 | M25: 22.68 | N25: 42.616322 | O25: 3000 | P25: 100 | Q25: 45.890625 | R25: 54.128959 | S25: 65.706452 | T25: 334.46615 | U25: 189.09462 | V25: =E25*G25/100 -> 1.971604
A26: HEDEF | B26: Holdingler ve Yatırım Sirketleri | C26: 6092873180 | D26: 3000000000 | E26: 0.87189051 | F26: 0.0020938773 | G26: 238.33388 | H26: 75.85 | I26: 19.923469 | J26: -246395100 | K26: -1689.9687 | L26: 13.333333 | M26: 7.94 | N26: 18.367109 | O26: 3000 | P26: 100 | Q26: 45.9717 | R26: 4.7021002 | S26: 73.775292 | T26: 563.09288 | U26: 481.63122 | V26: =E26*G26/100 -> 2.0780105
A27: TGSAS | B27: Toptan Ticaret | C27: 360638941 | D27: 15000000 | E27: 17.705798 | F27: 6.8269897 | G27: 12.08194 | H27: 232.6 | I27: 1.7365867 | J27: 3667696 | K27: 707.11967 | L27: 2666.6667 | M27: 80.54 | N27: 98.067344 | O27: 2603.9999 | P27: 86.799998 | Q27: 49.96038 | R27: 64.637683 | S27: 63.980479 | T27: 3.8976607 | U27: 299.2056 | V27: =E27*G27/100 -> 2.1392039
A28: OTTO | B28: Holdingler ve Yatırım Sirketleri | C28: 651050782 | D28: 7635461 | E28: 40.325771 | F28: 27.478564 | G28: 5.614263 | H28: 146.5 | I28: -11.167372 | J28: -916.877 | K28: -1600580.7 | L28: 5238.7145 | M28: 73.52 | N28: 30.090616 | O28: 575.32132 | P28: 19.177377 | Q28: 41.719817 | R28: 31.276278 | S28: 36.540729 | T28: -568.23013 | U28: -306.76484 | V28: =E28*G28/100 -> 2.2639948
A29: RAYSG | B29: Sigorta Sirketleri | C29: 9346162322 | D29: 163069855 | E29: 25.602093 | F29: 0.8306919 | G29: 8.970337 | H29: 156.3 | I29: -4.7971779 | J29: 912071352 | K29: 33.791438 | L29: 245.29365 | M29: 5.5 | N29: 23.516402 | O29: 186.42669 | P29: 6.2142231 | Q29: 30.275416 | R29: 46.264119 | S29: 38.636915 | T29: -210.87622 | U29: -275.39126 | V29: =E29*G29/100 -> 2.296594
A30: BANVT | B30: Gıda , İçecek ve Tütün | C30: 11386108733 | D30: 100023579 | E30: 29.236079 | F30: 1.7650475 | G30: 8.292297 | H30: 151.8 | I30: 1.9282784 | J30: -796663200 | K30: -20.791603 | L30: 399.90571 | M30: 8.29 | N30: 54.512083 | O30: 845.32414 | P30: 28.177471 | Q30: 44.301324 | R30: 41.925787 | S30: 43.445092 | T30: -49.032411 | U30: -131.08319 | V30: =E30*G30/100 -> 2.4243425
... A35: CRFSA | B35: Perakende Ticaret | C35: -2968515000 | D35: 127773765 | E35: 21.072687 | F35: 1.0814548 | G35: 13.658674 | H35: 317.5 | I35: -1.4336768 | J35: -1749407000 | K35: -11.138345 | L35: 313.05331 | M35: 10.68 | N35: 107.83429 | O35: 973.84406 | P35: 32.461469 | Q35: 87.799306 | R35: 98.803215 | S35: 81.791069 | T35: 534.80164 | U35: 241.34496 | V35: =E35*G35/100 -> 2.8782496
A36: MCARD | B36: Teknoloji - Bilisim | C36: 2885058804 | D36: 92600000 | E36: 15.344041 | F36: 0.9775952 | G36: 18.897796 | H36: 154.9 | I36: -40.2396 | J36: 153759371 | K36: 102.07963 | L36: 431.96544 | M36: 20.4 | N36: 66.431714 | O36: 0 | P36: 0 | Q36: 55.134587 | R36: 39.152723 | V36: =E36*G36/100 -> 2.8996856
A37: PKENT | B37: Oteller ve Lokantalar | C37: 1596724578 | D37: 24883200 | E37: 35.7619 | F37: 9.730471 | G37: 8.117594 | H37: 124.5 | I37: -3.4235344 | J37: -139121700 | K37: -26.417508 | L37: 1607.5103 | M37: 32.62 | N37: 28.734173 | O37: 325.44134 | P37: 10.848045 | Q37: 36.214884 | R37: 50.182951 | S37: 37.041536 | T37: -163.38154 | U37: -247.78966 | V37: =E37*G37/100 -> 2.9030059
A38: ACSEL | B38: Kimya , İlaç , Petrol , Lastik ve Plastik Ürünler | C38: 638570889 | D38: 10721700 | E38: 60.119384 | F38: 39.239064 | G38: 5.182781 | H38: 114 | I38: -4.8863435 | J38: 5814918 | K38: 263.48281 | L38: 3730.7517 | M38: 48.33 | N38: 36.620578 | O38: 955.09895 | P38: 31.836632 | Q38: 39.439553 | R38: 37.149213 | S38: 52.71259 | T38: -9.2692813 | U38: 68.006354 | V38: =E38*G38/100 -> 3.115856
A39: PSDTC | B39: Toptan Ticaret | C39: 240921520 | D39: 7425000 | E39: 57.453474 | F39: 60.688953 | G39: 5.465378 | H39: 169.5 | I39: 1.3632562 | J39: -3585419 | K39: -264.03818 | L39: 5387.2054 | M39: 73.6 | N39: 95.206492 | O39: 848.97101 | P39: 28.299034 | Q39: 61.476731 | R39: 39.415858 | S39: 62.045997 | T39: 117.14707 | U39: 164.06356 | V39: =E39*G39/100 -> 3.1400495
A40: TBORG | B40: Gıda , İçecek ve Tütün | C40: 25145763000 | D40: 322508253 | E40: 19.678899 | F40: 0.46225969 | G40: 16.157962 | H40: 165 | I40: -2.4477645 | J40: -820079000 | K40: -51.910962 | L40: 124.02783 | M40: 5.01 | N40: 43.228945 | O40: 359.75985 | P40: 11.991995 | Q40: 54.010535 | R40: 55.833038 | S40: 48.361091 | T40: -65.863912 | U40: 77.141711 | V40: =E40*G40/100 -> 3.179709
A41: PKART | B41: Teknoloji - Bilisim | C41: 549820175 | D41: 22750000 | E41: 41.62179 | F41: 13.965872 | G41: 7.657785 | H41: 126.7 | I41: -2.4669196 | J41: 17853471 | K41: 166.92832 | L41: 1758.2418 | M41: 33.66 | N41: 36.109571 | O41: 1365.2665 | P41: 45.508882 | Q41: 44.078927 | R41: 71.31736 | S41: 62.243633 | T41: 64.42397 | U41: 170.11862 | V41: =E41*G41/100 -> 3.1873072
A42: BVSAN | B42: Metal Esya,Makine,Elektrikli Cihazlar,Ulasım Araç | C42: 2638457366 | D42: 37600000 | E42: 23.682976 | F42: 5.2141256 | G42: 13.732926 | H42: 104.6 | I42: -0.63503878 | J42: -108938800 | K42: -41.693868 | L42: 1063.8298 | M42: 36.52 | N42: 45.616553 | O42: 2178.5858 | P42: 72.619528 | Q42: 38.178832 | R42: 45.582516 | S42: 52.822386 | T42: -46.95434 | U42: 59.707634 | V42: =E42*G42/100 -> 3.2523655
A43: BAHKM | B43: Kimya , İlaç , Petrol , Lastik ve Plastik Ürünler | C43: 1321868358 | D43: 55000000 | E43: 19.197358 | F43: 3.1081289 | G43: 18.044424 | H43: 161.6 | I43: 0.38166764 | J43: -13999310 | K43: -441.20032 | L43: 727.27273 | M43: 32.8 | N43: 13.254381 | O43: 1430.5806 | P43: 47.686021 | Q43: 49.482498 | R43: 57.458723 | S43: 68.233852 | T43: 47.015091 | V43: =E43*G43/100 -> 3.4640528
A44: ANELE | B44: İnsaat ve Bayındırlık | C44: 2277044993 | D44: 265000000 | E44: 3.2993957 | F44: 0.11116562 | G44: 112.25638 | H44: 193 | I44: 1.741412 | J44: -401645900 | K44: -73.895937 | L44: 150.9434 | M44: 42.36 | N44: 81.649201 | O44: 2510.7788 | P44: 83.692627 | Q44: 59.392501 | R44: 71.212211 | S44: 92.975237 | T44: 301.91127 | U44: 234.91858 | V44: =E44*G44/100 -> 3.7037821
A45: FORTE | B45: Teknoloji - Bilisim | C45: 2725996326 | D45: 67000000 | E45: 15.751255 | F45: 2.6791265 | G45: 23.711504 | H45: 111.8 | I45: 2.0070075 | J45: 9619135 | K45: 611.20361 | L45: 597.01493 | M45: 35.39 | N45: 59.56253 | O45: 2532.4606 | P45: 84.415353 | Q45: 77.143986 | R45: 47.916683 | S45: 72.0329 | T45: 199.58078 | V45: =E45*G45/100 -> 3.7348594
A46: DGATE | B46: Teknoloji - Bilisim | C46: 385874216 | D46: 30000000 | E46: 31.499392 | F46: 9.1144073 | G46: 12.224814 | H46: 93.1 | I46: -2.6128506 | J46: 25318821 | K46: 136.49925 | L46: 1333.3333 | M46: 40.74 | N46: 89.311553 | O46: 1204.2429 | P46: 40.14143 | Q46: 49.554598 | R46: 45.786695 | S46: 64.965587 | T46: 63.384847 | U46: 165.24707 | V46: =E46*G46/100 -> 3.850742
A47: KTSKR | B47: Gıda , İçecek ve Tütün | C47: 6239033292 | D47: 46000000 | E47: 26.826518 | F47: 5.6455486 | G47: 14.636781 | H47: 79 | I47: -0.38026096 | J47: -47850120 | K47: -99.305916 | L47: 869.56522 | M47: 31.81 | N47: 18.951678 | O47: 1576.4058 | P47: 52.546861 | Q47: 33.450396 | R47: 41.599775 | S47: 52.960554 | T47: -46.342251 | U47: 95.594756 | V47: =E47*G47/100 -> 3.9265387
A48: LUKSK | B48: Tekstil , Giyim Esyası ve Deri | C48: 1639886673 | D48: 28000000 | E48: 85.514524 | F48: 28.489647 | G48: 4.749107 | H48: 85.8 | I48: -1.6394164 | J48: 3154808 | K48: 951.43666 | L48: 1428.5714 | M48: 16.96 | N48: 25.729905 | O48: 552.69101 | P48: 18.423034 | Q48: 31.107154 | R48: 44.179967 | S48: 47.960584 | T48: -76.92532 | U48: 49.562513 | V48: =E48*G48/100 -> 4.0611762
A49: TLMAN | B49: Ulastırma ve Depolama | C49: 1840705156 | D49: 21000000 | E49: 56.472578 | F49: 27.315088 | G49: 8.271277 | H49: 78.05 | I49: -3.1907564 | J49: -125144700 | K49: -16.520476 | L49: 1904.7619 | M49: 39.38 | N49: 21.15494 | O49: 352.85352 | P49: 11.761784 | Q49: 30.794959 | R49: 46.055924 | S49: 43.923697 | T49: -76.743584 | U49: 4.4122252 | V49: =E49*G49/100 -> 4.6710034
A50: KUTPO | B50: Tas ve Toprağa Dayalı | C50: 4808797069 | D50: 39916800 | E50: 46.410111 | F50: 12.940135 | G50: 10.27029 | H50: 80.25 | I50: -1.9832525 | J50: 25018829 | K50: 143.35301 | L50: 1002.0843 | M50: 25.72 | N50: 22.005448 | O50: 457.93523 | P50: 15.264508 | Q50: 38.008255 | R50: 47.529111 | S50: 47.344261 | T50: -56.8319 | U50: 29.449616 | V50: =E50*G50/100 -> 4.766453
A51: PAMEL | B51: Elektrik , Gaz ve Su | C51: 666088085 | D51: 31095331 | E51: 65.270106 | F51: 22.330132 | G51: 7.421063 | H51: 75.4 | I51: -1.0850294 | J51: -76866660 | K51: -38.026384 | L51: 1286.3668 | M51: 23.86 | N51: 44.240831 | O51: 0 | P51: 0 | Q51: 43.95425 | R51: 37.787626 | S51: 44.305945 | T51: -35.588254 | U51: -87.507807 | V51: =E51*G51/100 -> 4.8437357
A52: BRKVY | B52: Varlık Yönetim Sirketleri | C52: 1441301000 | D52: 56000000 | E52: 35.754268 | F52: 6.9436549 | G52: 13.570377 | H52: 90.05 | I52: -3.0787018 | J52: 137762000 | K52: 37.377506 | L52: 714.28571 | M52: 24.23 | N52: 0 | O52: 79.064523 | P52: 2.6354841 | Q52: 33.850333 | R52: 42.665463 | S52: 48.551903 | T52: -81.41672 | U52: 56.111087 | V52: =E52*G52/100 -> 4.851989
A53: VSNMD | B53: Madencilik ve Tas Ocakçılığı | C53: 3913562968 | D53: 117000000 | E53: 20.38764 | F53: 1.9138203 | G53: 23.988027 | H53: 42.62 | I53: -1.7168099 | J53: -98818700 | K53: -107.80196 | L53: 341.88034 | M53: 20.5 | N53: 12.447001 | O53: 0 | P53: 0 | Q53: 42.439322 | R53: 36.572892 | S53: 49.111457 | T53: -241.50153 | V53: =E53*G53/100 -> 4.8905927
A54: MARKA | B54: Holdingler ve Yatırım Sirketleri | C54: 206308208 | D54: 20990000 | E54: 24.507386 | F54: 12.527622 | G54: 20.765463 | H54: 82.55 | I54: 3.0247673 | J54: 2910217 | K54: 672.20692 | L54: 1905.6694 | M54: 98.93 | N54: 43.190922 | O54: 1783.8582 | P54: 59.461941 | Q54: 57.304674 | R54: 64.001045 | S54: 63.812764 | T54: 123.98926 | U54: 77.713248 | V54: =E54*G54/100 -> 5.0890722
A55: PRZMA | B55: Kağıt, Kağıt Ürünleri Basım | C55: 576980288 | D55: 77449591 | E55: 10.31898 | F55: 3.0741761 | G55: 54.217529 | H55: 87 | I55: 7.0728886 | J55: -12886870 | K55: -260.47173 | L55: 516.46496 | M55: 70 | N55: 22.057903 | O55: 2891.0697 | P55: 96.368989 | Q55: 36.299234 | R55: 56.019281 | S55: 74.606106 | T55: 109.98092 | U55: 120.18125 | V55: =E55*G55/100 -> 5.5946961
A56: EMPAE | B56: Teknoloji - Bilisim | C56: 1774061912 | D56: 170000000 | E56: 14.782335 | F56: 0.99604708 | G56: 37.993921 | H56: 63 | I56: 35.2161 | J56: -4892536 | K56: -3033.3962 | L56: 235.29412 | M56: 22.34 | N56: 21.108751 | O56: 0 | P56: 0 | Q56: 60.625795 | R56: 61.101229 | V56: =E56*G56/100 -> 5.6163886
A57: IHAAS | B57: Bilgi Hizmet Faaliyetleri | C57: 298644898 | D57: 163000000 | E57: 10.809859 | F57: 1.1053026 | G57: 56.026117 | H57: 52 | I57: -3.5960089 | J57: -85773360 | K57: -114.02142 | L57: 245.39877 | M57: 34.37 | N57: 43.681114 | O57: 908.04648 | P57: 30.268216 | Q57: 38.061825 | R57: 72.677818 | S57: 51.946498 | T57: -86.998968 | U57: 100.73274 | V57: =E57*G57/100 -> 6.0563443
A58: HOROZ | B58: Ulastırma ve Depolama | C58: 4125761531 | D58: 90488084 | E58: 28.190704 | F58: 4.2971105 | G58: 21.769193 | H58: 58.5 | I58: -1.1446151 | J58: -25344690 | K58: -258.84657 | L58: 442.04715 | M58: 24.05 | N58: 59.170665 | O58: 631.73432 | P58: 21.057811 | Q58: 35.494112 | R58: 75.38629 | S58: 49.327479 | T58: -46.198078 | V58: =E58*G58/100 -> 6.1368888
A59: ONRYT | B59: Teknoloji - Savunma | C59: 2818472369 | D59: 62830000 | E59: 27.904018 | F59: 7.0105658 | G59: 22.243837 | H59: 57.75 | I59: -1.3163297 | J59: -43223250 | K59: -92.086562 | L59: 636.63855 | M59: 35.4 | N59: 26.085638 | O59: 552.34865 | P59: 18.411622 | Q59: 40.725999 | R59: 28.959563 | S59: 44.987798 | T59: -38.228541 | V59: =E59*G59/100 -> 6.2069243
A60: NETAS | B60: Teknoloji - Bilisim | C60: -355894230 | D60: 64864800 | E60: 26.932878 | F60: 6.2863832 | G60: 23.936192 | H60: 95.2 | I60: -1.3759472 | J60: -76279920 | K60: -56.165765 | L60: 616.66728 | M60: 36.9 | N60: 103.30336 | O60: 1004.6032 | P60: 33.486773 | Q60: 42.879476 | R60: 46.968323 | S60: 49.73406 | T60: -13.994354 | U60: 16.272628 | V60: =E60*G60/100 -> 6.4467053
A61: IZFAS | B61: Kimya , İlaç , Petrol , Lastik ve Plastik Ürünler | C61: 402238316 | D61: 177187500 | E61: 5.1725489 | F61: 0.44980764 | G61: 124.84296 | H61: 55 | I61: -0.57293056 | J61: -49838120 | K61: -230.73641 | L61: 225.74956 | M61: 70.45 | N61: 37.623043 | O61: 999.27582 | P61: 33.309194 | Q61: 48.917167 | R61: 32.550664 | S61: 71.129731 | T61: 30.79143 | U61: 136.38784 | V61: =E61*G61/100 -> 6.4575632
A62: IZINV | B62: Tarım Ormancılık ve Balıkçılık | C62: 367547592 | D62: 17512456 | E62: 53.487677 | F62: 45.859831 | G62: 12.279838 | H62: 51.1 | I62: -1.4112452 | J62: -25349650 | K62: -46.009691 | L62: 2284.0885 | M62: 70.12 | N62: 33.333164 | O62: 416.78967 | P62: 13.892989 | Q62: 32.060586 | R62: 42.005872 | S62: 48.973751 | T62: -49.649388 | U62: 49.616924 | V62: =E62*G62/100 -> 6.5682
